Argentina 1978,Jose VELASQUEZ,59530,3,0,0,411,5
Argentina 1978,Dick NANNINGA,54939,1,0,1,90,3
Argentina 1978,Andras TOROCSIK,44697,1,0,1,178,2
Argentina 1978,Tibor NYILASI,174810,1,0,1,179,2
Argentina 1978,Andranik ESKANDARIAN,49130,2,0,0,180,2
Argentina 1978,Romeo BENETTI,174389,2,0,0,527,6
Argentina 1978,Marco TARDELLI,44684,2,0,0,540,6
Argentina 1978,Ricardo VILLA,44736,1,0,0,90,2
Argentina 1978,CHICAO,63918,1,0,0,123,3
Argentina 1978,Omar LARROSA,174691,1,0,0,145,2
Argentina 1978,Alfredo QUESADA,56510,1,0,0,180,2
Argentina 1978,Henri MICHEL,61646,1,0,0,180,2
Argentina 1978,Didier SIX,58116,1,0,0,181,3
Argentina 1978,Archie GEMMILL,49863,1,0,0,195,3
Argentina 1978,Eugenio LEAL,52839,1,0,0,225,3
Argentina 1978,Gyozo MARTOS,53748,1,0,0,225,3
Argentina 1978,Michel PLATINI,28528,1,0,0,225,3
Argentina 1978,ZICO,63650,1,0,0,229,6
Argentina 1978,EDINHO,179502,1,0,0,236,3
Argentina 1978,Arturo VAZQUEZ,59492,1,0,0,270,3
Argentina 1978,Hassan NAZARI,54995,1,0,0,270,3
Argentina 1978,Hasse BORG,46785,1,0,0,270,3
Argentina 1978,Ruediger ABRAMCZIK,44922,1,0,0,270,3
Argentina 1978,Sandor ZOMBORI,60386,1,0,0,270,3
Argentina 1978,Tarek DHIAB,48487,1,0,0,270,3
Argentina 1978,NELINHO,63908,1,0,0,274,4
Argentina 1978,Johan NEESKENS,174796,1,0,0,310,5
Argentina 1978,Hansi MUELLER,174791,1,0,0,315,4
Argentina 1978,Wim SUURBIER,44678,1,0,0,318,4
Argentina 1978,Zbigniew BONIEK,160825,1,0,0,381,6
Argentina 1978,JORGE MENDONCA,63916,1,0,0,421,6
Argentina 1978,Jerzy GORGON,174569,1,0,0,450,5
Argentina 1978,ROBERTO DINAMITE,63914,1,0,0,450,5
Argentina 1978,Henryk MACULEWICZ,53365,1,0,0,456,6
Argentina 1978,Osvaldo ARDILES,174354,1,0,0,470,6
Argentina 1978,TONINHO CEREZO,63649,1,0,0,478,6
Argentina 1978,Johnny REP,44560,1,0,0,484,6
Argentina 1978,Rodolfo MANZO,53602,1,0,0,517,6
Argentina 1978,Rene VAN DE KERKHOF,44714,1,0,0,520,7
Argentina 1978,Herbert PROHASKA,174881,1,0,0,540,6
Argentina 1978,Juan MUNANTE,54722,1,0,0,540,6
Argentina 1978,Rainer BONHOF,174415,1,0,0,540,6
Argentina 1978,Ramon QUIROGA,44542,1,0,0,540,6
Argentina 1978,Robert SARA,57574,1,0,0,540,6
Argentina 1978,Sepp MAIER,37989,1,0,0,540,6
Argentina 1978,Arie HAAN,174586,1,0,0,570,6
Argentina 1978,Antonio CABRINI,174446,1,0,0,619,7
Argentina 1978,BATISTA,69514,1,0,0,630,7
Argentina 1978,Claudio GENTILE,174555,1,0,0,630,7
Argentina 1978,OSCAR,63648,1,0,0,630,7
Argentina 1978,Americo GALLEGO,44124,1,0,0,655,7
Argentina 1978,Daniel PASSARELLA,174840,1,0,0,660,7
Argentina 1978,Ruud KROL,174681,1,0,0,660,7
Argentina 1978,Willy VAN DE KERKHOF,59385,1,0,0,660,7
Brazil 1950,BIGODE,63843,1,0,0,450,5
Chile 1962,Mario DAVID,48257,0,0,1,41,1
Chile 1962,Giorgio FERRINI,49385,0,0,1,98,2
Chile 1962,Angel Ruben CABRERA,47146,0,0,1,161,2
Chile 1962,Honorino LANDA,52719,0,0,1,440,5
Chile 1962,Vladimir POPOVIC,56392,0,0,1,521,6
Chile 1962,GARRINCHA,63868,0,0,1,533,6
Chile 1962,Ruben NAVARRO,54981,1,0,0,180,2
England 1966,Hector SILVA,58031,1,0,1,144,2
England 1966,Antonio RATTIN,56725,1,0,1,305,4
England 1966,Franz BECKENBAUER,25113,2,0,0,570,6
England 1966,Rafael ALBRECHT,45358,0,0,1,245,3
England 1966,Igor CHISLENKO,47679,0,0,1,314,4
England 1966,Horacio TROCHE,70075,0,0,1,319,4
England 1966,Jesus GLARIA,49988,1,0,0,90,1
England 1966,DENILSON,189093,1,0,0,180,2
England 1966,Dinko DERMENDZHIEV,48445,1,0,0,180,2
England 1966,Ivan KOLEV,52343,1,0,0,180,2
England 1966,Dobromir JECHEV,60309,1,0,0,270,3
England 1966,Ruben MARCOS,53632,1,0,0,270,3
England 1966,Galimzyan KHUSAINOV,52134,1,0,0,360,4
England 1966,Jorge SOLARI,58223,1,0,0,360,4
England 1966,Luis ARTIME,45828,1,0,0,360,4
England 1966,Yozhef SABO,57276,1,0,0,360,4
England 1966,Valeri VORONIN,59719,1,0,0,450,5
England 1966,Martin PETERS,174852,1,0,0,480,5
England 1966,EUSEBIO (Eusebio da Silva Ferreira),39547,1,0,0,540,6
England 1966,Mario COLUNA,95842,1,0,0,540,6
England 1966,Nobby STILES,44665,1,0,0,570,6
England 1966,Wolfgang OVERATH,174828,1,0,0,570,6
England 1966,Wolfgang WEBER,44749,1,0,0,570,6
France 1938,Hans PESSER,56173,0,0,1,96,1
France 1938,Jan RIHA,56890,0,0,1,209,2
France 1938,ZEZE PROCOPIO,63834,0,0,1,314,4
France 1938,MACHADO,63832,0,0,1,389,4
France 1998,Rigobert SONG,170657,2,0,1,231,3
France 1998,Ariel ORTEGA,78384,2,0,1,439,5
France 1998,CESAR SAMPAIO,3242,3,0,0,531,6
France 1998,Dario SIMIC,155707,3,0,0,540,6
France 1998,Didier DESCHAMPS,48455,3,0,0,600,6
France 1998,Mario STANIC,159172,3,0,0,619,7
France 1998,Alfred PHIRI,170643,1,0,1,23,1
France 1998,Morten WIEGHORST,164614,1,0,1,81,3
France 1998,Ramon RAMIREZ,177982,1,0,1,269,3
France 1998,Zinedine ZIDANE,163331,1,0,1,461,5
France 1998,Laurent BLANC,46662,1,0,1,496,5
France 1998,Arthur NUMAN,95134,1,1,0,497,6
France 1998,Stig TOFTING,95174,2,0,0,60,2
France 1998,Darren JACKSON,157541,2,0,0,139,2
France 1998,Said CHIBA,156734,2,0,0,166,2
France 1998,CLAYTON,170737,2,0,0,180,2
France 1998,Eisuke NAKANISHI,159120,2,0,0,180,2
France 1998,Jose SANTA,154743,2,0,0,180,2
France 1998,Moises VILLARROEL,154565,2,0,0,229,3
France 1998,Francisco ROJAS,154552,2,0,0,257,3
France 1998,Iulian FILIPESCU,160668,2,0,0,270,3
France 1998,Jay Jay OKOCHA,77328,2,0,0,270,3
France 1998,LEE Min Sung,156236,2,0,0,270,3
France 1998,Lucas RADEBE,93410,2,0,0,270,3
France 1998,Nelson PARRAGUEZ,154544,2,0,0,270,3
France 1998,Peter SCHOETTEL,44613,2,0,0,270,3
France 1998,Uche OKECHUKWU,93444,2,0,0,270,3
France 1998,Michael TARNAT,155365,2,0,0,280,4
France 1998,Dragan STOJKOVIC,44667,2,0,0,298,4
France 1998,Didi HAMANN,159386,2,0,0,299,5
France 1998,Francisco ARCE,162012,2,0,0,300,3
France 1998,Lothar MATTHAEUS,174742,2,0,0,315,4
France 1998,Jose CHAMOT,78407,2,0,0,317,4
France 1998,Gheorghe POPESCU,174876,2,0,0,328,4
France 1998,Dan PETRESCU,56197,2,0,0,345,4
France 1998,Cuauhtemoc BLANCO,162580,2,0,0,360,4
France 1998,Kjetil REKDAL,56798,2,0,0,360,4
France 1998,Miguel BENITEZ,162752,2,0,0,367,4
France 1998,Soren COLDING,154922,2,0,0,405,5
France 1998,Joerg HEINRICH,155340,2,0,0,417,5
France 1998,Luigi DI BIAGIO,170774,2,0,0,423,5
France 1998,Marc RIEPER,95166,2,0,0,450,5
France 1998,Alessandro COSTACURTA,77242,2,0,0,480,5
France 1998,Paolo MALDINI,174730,2,0,0,480,5
France 1998,Zvonimir BOBAN,155688,2,0,0,509,6
France 1998,CAFU (Marcos Evangelista de Moraes),76824,2,0,0,540,6
France 1998,Zvonimir SOLDO,155708,2,0,0,540,6
France 1998,ALDAIR,63545,2,0,0,558,6
France 1998,Edgar DAVIDS,160385,2,0,0,570,6
France 1998,Aljosa ASANOVIC,155686,2,0,0,630,7
France 1998,Slaven BILIC,253567,2,0,0,630,7
France 1998,Jaap STAM,155677,2,0,0,660,7
France 1998,JUNIOR BAIANO,170686,2,0,0,660,7
France 1998,LAUREN,171400,0,0,1,6,1
France 1998,Miklos MOLNAR,154935,0,0,1,8,1
France 1998,Gert VERHEYEN,154199,0,0,1,37,1
France 1998,Mohammed AL KHILAIWI,77505,0,0,1,109,2
France 1998,HA Seok Ju,77929,0,0,1,120,2
France 1998,Raymond KALLA,130674,0,0,1,132,2
France 1998,David BECKHAM,161454,0,0,1,195,3
France 1998,Pavel PARDO,156614,0,0,1,208,3
France 1998,Craig BURLEY,157525,0,0,1,233,3
France 1998,Patrick KLUIVERT,155670,0,0,1,382,4
France 1998,Christian WOERNS,155369,0,0,1,400,5
France 1998,Darryl POWELL,170825,0,1,0,66,2
France 1998,Anatoli NANKOV,166906,0,1,0,117,2
France 1998,Marcel DESAILLY,95650,0,1,0,668,7
France 1998,Julen GUERRERO,77902,1,0,0,21,1
France 1998,Takashi HIRANO,156043,1,0,0,38,2
France 1998,LEE Lim Saeng,169920,1,0,0,45,1
France 1998,Imed BEN YOUNES,162717,1,0,0,48,3
France 1998,Ricardo PELAEZ LINARES,77290,1,0,0,84,3
France 1998,Miguel RAMIREZ,154549,1,0,0,85,3
France 1998,Pierre VAN HOOIJDONK,155681,1,0,0,89,3
France 1998,Augustine EGUAVOEN,156906,1,0,0,90,1
France 1998,Ben IROHA,77327,1,0,0,90,1
France 1998,Hannes REINMAYR,95666,1,0,0,90,1
France 1998,IVAN CAMPO,170677,1,0,0,90,1
France 1998,Markus BABBEL,155332,1,0,0,91,2
France 1998,Aristides ROJAS,166247,1,0,0,96,2
France 1998,Georgi BACHEV,159282,1,0,0,96,2
France 1998,Jaime ORDIALES,77288,1,0,0,102,2
France 1998,Patrick VIEIRA,170707,1,0,0,106,2
France 1998,Samuel IPOUA,170670,1,0,0,110,2
France 1998,Peter CARGILL,47300,1,0,0,114,2
France 1998,Khaled AL MUWALLID,162788,1,0,0,115,2
France 1998,Ivica VASTIC,154102,1,0,0,115,3
France 1998,ZE CARLOS II,63525,1,0,0,120,1
France 1998,Victor ARISTIZABAL,94916,1,0,0,124,3
France 1998,Perica OGNJENOVIC,159495,1,0,0,125,3
France 1998,Angelo DI LIVIO,155964,1,0,0,126,4
France 1998,Salvador CARMONA,162582,1,0,0,135,2
France 1998,Willem JACKSON,170640,1,0,0,135,2
France 1998,KIKO,155142,1,0,0,140,3
France 1998,KO Jong Soo,156234,1,0,0,141,3
France 1998,Deon BURTON,159305,1,0,0,145,3
France 1998,Stephen MALCOLM,156004,1,0,0,152,2
France 1998,Lyuboslav PENEV,56083,1,0,0,154,3
France 1998,Dejan STANKOVIC,170750,1,0,0,160,3
France 1998,Miguel Angel NADAL,77908,1,0,0,167,2
France 1998,AGUILERA,159945,1,0,0,180,2
France 1998,CHOI Yongsoo,156220,1,0,0,180,2
France 1998,Christopher DAWES,155992,1,0,0,180,2
France 1998,Eddie POPE,158473,1,0,0,180,2
France 1998,Gordan VIDOVIC,154200,1,0,0,180,2
France 1998,Riadh BOUAZIZI,213370,1,0,0,180,2
France 1998,Zoran MIRKOVIC,158774,1,0,0,180,2
France 1998,Roberto SENSINI,44626,1,0,0,187,3
France 1998,Ilian ILIEV,95490,1,0,0,188,3
France 1998,Kais GHODHBANE,158261,1,0,0,189,3
France 1998,Oyvind LEONHARDSEN,77414,1,0,0,193,3
France 1998,Mauricio SERNA,111342,1,0,0,197,3
France 1998,Frankie HEJDUK,158461,1,0,0,199,3
France 1998,Didier ANGIBEAUD,171399,1,0,0,202,3
France 1998,Fabian ESTAY,154531,1,0,0,202,4
France 1998,Zoubeir BEYA,171150,1,0,0,208,3
France 1998,German VILLA,156630,1,0,0,213,3
France 1998,KIM Tae Young,169918,1,0,0,217,3
France 1998,Bernard DIOMEDE,160998,1,0,0,224,3
France 1998,Skander SOUAYEH,158279,1,0,0,224,3
France 1998,Erik MYKLAND,77417,1,0,0,225,3
France 1998,Guillermo AMOR,77886,1,0,0,225,3
France 1998,Hristo STOICHKOV,58455,1,0,0,225,3
France 1998,Javad ZARINCHEH,94076,1,0,0,237,3
France 1998,Alessandro DEL PIERO,155963,1,0,0,241,4
France 1998,Christian KAREMBEU,96074,1,0,0,243,4
France 1998,Quinton FORTUNE,170647,1,0,0,247,3
France 1998,Eric DEFLANDRE,154172,1,0,0,248,3
France 1998,Victor IKPEBA,77325,1,0,0,248,3
France 1998,Hiroshi NANAMI,156056,1,0,0,252,3
France 1998,Clarence SEEDORF,155676,1,0,0,254,4
France 1998,Youssef CHIPPO,181656,1,0,0,255,3
France 1998,Mohammed AL JAHANI,156251,1,0,0,256,3
France 1998,Thomas HAESSLER,174588,1,0,0,261,4
France 1998,Gordon DURIE,174513,1,0,0,263,3
France 1998,Abdeljalil HADDA,156741,1,0,0,264,3
France 1998,Sami AL JABER,77503,1,0,0,264,3
France 1998,Michael SCHJONBERG,154945,1,0,0,265,4
France 1998,David NYATHI,93425,1,0,0,268,3
France 1998,Ali DAEI,94090,1,0,0,270,3
France 1998,Anton PFEFFER,174858,1,0,0,270,3
France 1998,Claudio REYNA,84703,1,0,0,270,3
France 1998,David REGIS,170842,1,0,0,270,3
France 1998,Jens JEREMIES,155344,1,0,0,270,3
France 1998,Jorge BERMUDEZ,162645,1,0,0,270,3
France 1998,Kevin GALLACHER,31816,1,0,0,270,3
France 1998,Khamis AL DOSSARI,156247,1,0,0,270,3
France 1998,KIM Byung Ji,170329,1,0,0,270,3
France 1998,Krunoslav JURCIC,170478,1,0,0,270,3
France 1998,Lorenzo STAELENS,44655,1,0,0,270,3
France 1998,Masami IHARA,51196,1,0,0,270,3
France 1998,Mehrdad MINAVAND,170073,1,0,0,270,3
France 1998,Motohiro YAMAGUCHI,156065,1,0,0,270,3
France 1998,Mutiu ADEPOJU,93446,1,0,0,270,3
France 1998,Pierre ISSA,170641,1,0,0,270,3
France 1998,Pierre NJANKA,171398,1,0,0,270,3
France 1998,Pierre WOME,154649,1,0,0,270,3
France 1998,Radostin KISHISHEV,169766,1,0,0,270,3
France 1998,SERGI,155151,1,0,0,270,3
France 1998,Trifon IVANOV,51338,1,0,0,270,3
France 1998,Vital BORKELMANS,76120,1,0,0,270,3
France 1998,Wolfgang FEIERSINGER,95462,1,0,0,270,3
France 1998,Yutaka AKITA,156042,1,0,0,270,3
France 1998,Havard FLO,156980,1,0,0,273,4
France 1998,Stephane GUIVARCH,170708,1,0,0,274,6
France 1998,Gheorghe HAGI,2354,1,0,0,294,4
France 1998,Giuseppe BERGOMI,174391,1,0,0,296,3
France 1998,Robert PROSINECKI,174882,1,0,0,304,5
France 1998,Alberto GARCIA ASPE,77275,1,0,0,313,4
France 1998,Adrian ILIE,157403,1,0,0,315,4
France 1998,Paul INCE,95552,1,0,0,325,4
France 1998,Michael REIZIGER,155675,1,0,0,326,4
France 1998,Paul SCHOLES,155117,1,0,0,331,4
France 1998,Allan NIELSEN,24456,1,0,0,340,5
France 1998,Clarence ACUNA,154520,1,0,0,342,4
France 1998,Zeljko PETROVIC,158777,1,0,0,344,4
France 1998,Henning BERG,77403,1,0,0,351,4
France 1998,Francesco MORIERO,170775,1,0,0,356,4
France 1998,Dorinel MUNTEANU,77463,1,0,0,360,4
France 1998,Duilio DAVINO,156595,1,0,0,360,4
France 1998,Goran DJOROVIC,158756,1,0,0,360,4
France 1998,Ivan ZAMORANO,60273,1,0,0,360,4
France 1998,Liviu CIOBOTARIU,157389,1,0,0,360,4
France 1998,Luis HERNANDEZ,170333,1,0,0,360,4
France 1998,Marcelo SALAS,154557,1,0,0,360,4
France 1998,Nelson TAPIA,154560,1,0,0,360,4
France 1998,Ronald FUENTES,154533,1,0,0,360,4
France 1998,Tore Andre FLO,156982,1,0,0,360,4
France 1998,Nelson VIVAS,153979,1,0,0,365,4
France 1998,Diego SIMEONE,76115,1,0,0,374,5
France 1998,Alan SHEARER,95571,1,0,0,390,4
France 1998,Celso AYALA,162008,1,0,0,390,4
France 1998,David SEAMAN,44621,1,0,0,390,4
France 1998,Jose Luis CHILAVERT,160374,1,0,0,390,4
France 1998,Julio Cesar ENCISO,162607,1,0,0,390,4
France 1998,Sol CAMPBELL,161455,1,0,0,390,4
France 1998,Thomas HELVEG,154928,1,0,0,447,5
France 1998,Jes HOGH,169973,1,0,0,450,5
France 1998,Juergen KLINSMANN,174666,1,0,0,450,5
France 1998,Peter SCHMEICHEL,57693,1,0,0,450,5
France 1998,Matias ALMEYDA,153931,1,0,0,458,5
France 1998,Wim JONK,77409,1,0,0,461,6
France 1998,Carlos ROA,153972,1,0,0,480,5
France 1998,Fabio CANNAVARO,155957,1,0,0,480,5
France 1998,Juan VERON,153978,1,0,0,480,5
France 1998,Roberto AYALA,153933,1,0,0,480,5
France 1998,Emmanuel PETIT,95448,1,0,0,506,6
France 1998,LEONARDO,95008,1,0,0,516,7
France 1998,Igor STIMAC,159565,1,0,0,518,7
France 1998,Bixente LIZARAZU,166722,1,0,0,600,6
France 1998,Davor SUKER,155711,1,0,0,630,7
France 1998,Robert JARNI,174637,1,0,0,630,7
France 1998,ROBERTO CARLOS,170688,1,0,0,660,7
Germany 1974,Carlos BABINGTON,174949,3,0,0,450,5
Germany 1974,Carlos CASZELY,47407,1,0,1,157,2
Germany 1974,Ray RICHARDS,56868,1,0,1,263,3
Germany 1974,LUIS PEREIRA,63904,1,0,1,534,6
Germany 1974,Pierre BAYONNE,46330,2,0,0,270,3
Germany 1974,Roberto PERFUMO,174851,2,0,0,360,4
Germany 1974,Branko OBLAK,55418,2,0,0,370,5
Germany 1974,Enver HADZIABDIC,50437,2,0,0,540,6
Germany 1974,Gerd KISCHE,52243,2,0,0,540,6
Germany 1974,Josip KATALINSKI,51943,2,0,0,540,6
Germany 1974,Juergen SPARWASSER,44652,2,0,0,540,6
Germany 1974,Ove GRAHN,50192,2,0,0,540,6
Germany 1974,Henryk KASPERCZAK,174651,2,0,0,603,7
Germany 1974,Wim VAN HANEGEM,44717,2,0,0,613,7
Germany 1974,Johan NEESKENS,174796,2,0,0,614,7
Germany 1974,Wim SUURBIER,44678,2,0,0,624,7
Germany 1974,Berti VOGTS,37656,2,0,0,630,7
Germany 1974,JAIRZINHO,63879,2,0,0,630,7
Germany 1974,Johan CRUYFF,1043,2,0,0,630,7
Germany 1974,Johnny REP,44560,2,0,0,630,7
Germany 1974,MARINHO PERES,181330,2,0,0,630,7
Germany 1974,Julio MONTERO CASTILLO,54450,0,0,1,69,1
Germany 1974,Ndaye MULAMBA,54998,0,0,1,113,2
Germany 1974,Fritz LEANDRE,52840,1,0,0,38,1
Germany 1974,Roberto BONINSEGNA,174416,1,0,0,45,1
Germany 1974,Erich HAMANN,50516,1,0,0,70,2
Germany 1974,Orjan PERSSON,56161,1,0,0,119,2
Germany 1974,Hans-Juergen KREISCHE,174680,1,0,0,134,3
Germany 1974,Juan MASNIK,53785,1,0,0,152,3
Germany 1974,MIRANDINHA,63907,1,0,0,174,4
Germany 1974,Leonardo VELIZ,59542,1,0,0,176,3
Germany 1974,Eberhard VOGEL,59692,1,0,0,187,3
Germany 1974,Stanislav KARASI,51873,1,0,0,220,4
Germany 1974,Kidumu MANTANTU,52144,1,0,0,230,3
Germany 1974,Walter MANTEGAZZA,53588,1,0,0,242,3
Germany 1974,Angel BARGAS,46230,1,0,0,247,3
Germany 1974,Dusan BAJEVIC,46091,1,0,0,250,3
Germany 1974,Baudilio JAUREGUI,51482,1,0,0,270,3
Germany 1974,Carlos REINOSO,56790,1,0,0,270,3
Germany 1974,Davie HAY,173624,1,0,0,270,3
Germany 1974,Georgi DENEV,48423,1,0,0,270,3
Germany 1974,Guillermo PAEZ,55805,1,0,0,270,3
Germany 1974,James HOLTON,50977,1,0,0,270,3
Germany 1974,Jimmy MACKAY,53360,1,0,0,270,3
Germany 1974,Joe JORDAN,174645,1,0,0,270,3
Germany 1974,Muepu ILUNGA,54841,1,0,0,270,3
Germany 1974,Pablo FORLAN,49538,1,0,0,270,3
Germany 1974,Rolando GARCIA,49778,1,0,0,270,3
Germany 1974,Romeo BENETTI,174389,1,0,0,270,3
Germany 1974,Tsonyo VASILEV,59500,1,0,0,270,3
Germany 1974,Victor ESPARRAGO,174527,1,0,0,270,3
Germany 1974,Rene HOUSEMAN,174617,1,0,0,328,6
Germany 1974,Joachim STREICH,44670,1,0,0,350,4
Germany 1974,Bjorn ANDERSSON,45594,1,0,0,360,4
Germany 1974,DIRCEU,63751,1,0,0,360,4
Germany 1974,Siegmar WAETZLICH,59841,1,0,0,360,4
Germany 1974,ZE MARIA,181327,1,0,0,360,4
Germany 1974,Bjorn NORDQVIST,174808,1,0,0,450,5
Germany 1974,Andrzej SZARMACH,44679,1,0,0,460,6
Germany 1974,CARPEGIANI,174458,1,0,0,475,6
Germany 1974,Adam MUSIAL,54782,1,0,0,521,6
Germany 1974,Ivan BULJAN,47047,1,0,0,540,6
Germany 1974,Jovan ACIMOVIC,44956,1,0,0,540,6
Germany 1974,Juergen CROY,48073,1,0,0,540,6
Germany 1974,Ramon HEREDIA,50792,1,0,0,540,6
Germany 1974,Wolfgang OVERATH,174828,1,0,0,594,7
Germany 1974,Jerzy GORGON,174569,1,0,0,630,7
Germany 1974,MARINHO CHAGAS,44351,1,0,0,630,7
Germany 1974,RIVELINO,63896,1,0,0,630,7
Germany 1974,Wim JANSEN,174635,1,0,0,630,7
Germany 2006,Zinedine ZIDANE,163331,3,0,1,559,6
Germany 2006,Asamoah GYAN,208353,2,1,0,255,3
Germany 2006,COSTINHA,177657,2,1,0,286,5
Germany 2006,Vyacheslav SVIDERSKYI,229846,3,0,0,200,3
Germany 2006,Sulley MUNTARI,183000,3,0,0,270,3
Germany 2006,Gianluca ZAMBROTTA,177655,3,0,0,600,6
Germany 2006,Willy SAGNOL,181292,3,0,0,660,7
Germany 2006,Daniele DE ROSSI,209119,1,0,1,177,3
Germany 2006,Albert NADJ,158775,1,1,0,165,3
Germany 2006,ANDRE,205056,1,1,0,169,2
Germany 2006,Khalid BOULAHROUZ,218246,1,1,0,201,4
Germany 2006,Zied JAZIRI,176953,1,1,0,225,3
Germany 2006,Brett EMERTON,178306,1,1,0,267,3
Germany 2006,Giovanni VAN BRONCKHORST,155679,1,1,0,270,3
Germany 2006,Teddy LUCIC,185507,1,1,0,305,4
Germany 2006,DECO,199026,1,1,0,338,4
Germany 2006,Louis SAHA,209791,2,0,0,29,3
Germany 2006,Ognjen KOROMAN,217015,2,0,0,97,2
Germany 2006,David ODONKOR,196757,2,0,0,122,4
Germany 2006,Vratislav LOKVENC,154901,2,0,0,135,2
Germany 2006,Marcus ALLBACK,177703,2,0,0,165,4
Germany 2006,Alaixys ROMAO,238679,2,0,0,180,2
Germany 2006,Tsuneyasu MIYAMOTO,177760,2,0,0,180,2
Germany 2006,Didier DROGBA,212306,2,0,0,180,2
Germany 2006,Robert KOVAC,179049,2,0,0,180,2
Germany 2006,Javad NEKONAM,185641,2,0,0,180,2
Germany 2006,Aurtis WHITLEY,180653,2,0,0,181,3
Germany 2006,Mehrzad MADANCHI,184086,2,0,0,183,3
Germany 2006,Riadh BOUAZIZI,213370,2,0,0,191,3
Germany 2006,Mark VAN BOMMEL,179568,2,0,0,217,3
Germany 2006,Gerardo TORRADO,70097,2,0,0,218,3
Germany 2006,Moustapha SALIFOU,4309,2,0,0,241,3
Germany 2006,ZE KALANGA,214617,2,0,0,243,3
Germany 2006,Tim BOROWSKI,191193,2,0,0,246,6
Germany 2006,Igor TUDOR,155712,2,0,0,250,3
Germany 2006,LEE Chun Soo,178469,2,0,0,252,3
Germany 2006,Carlos PAREDES,170674,2,0,0,270,3
Germany 2006,LOCO,209201,2,0,0,270,3
Germany 2006,Michael ESSIEN,175524,2,0,0,270,3
Germany 2006,Radhi JAIDI,158268,2,0,0,270,3
Germany 2006,Carles PUYOL,177914,2,0,0,270,3
Germany 2006,Luis MARIN,170171,2,0,0,270,3
Germany 2006,Goran GAVRANCIC,216917,2,0,0,270,3
Germany 2006,Artur BORUC,216129,2,0,0,270,3
Germany 2006,Tim CAHILL,213001,2,0,0,273,4
Germany 2006,Owen HARGREAVES,182050,2,0,0,307,4
Germany 2006,Andriy RUSOL,216223,2,0,0,314,4
Germany 2006,Antonio VALENCIA,202544,2,0,0,316,4
Germany 2006,Maksym KALINICHENKO,216226,2,0,0,330,4
Germany 2006,Vince GRELLA,178324,2,0,0,333,4
Germany 2006,CAFU (Marcos Evangelista de Moraes),76824,2,0,0,346,4
Germany 2006,Mauro CAMORANESI,214022,2,0,0,353,5
Germany 2006,Stephen APPIAH,155382,2,0,0,360,4
Germany 2006,Ulises DE LA CRUZ,155010,2,0,0,360,4
Germany 2006,Rafael MARQUEZ,178119,2,0,0,390,4
Germany 2006,PETIT,182197,2,0,0,393,6
Germany 2006,RONALDO,92699,2,0,0,411,5
Germany 2006,Gabriel HEINZE,201964,2,0,0,420,4
Germany 2006,Juan SORIN,153977,2,0,0,420,4
Germany 2006,JUAN,185324,2,0,0,450,5
Germany 2006,John TERRY,214962,2,0,0,480,5
Germany 2006,Javier MASCHERANO,182372,2,0,0,510,5
Germany 2006,Torsten FRINGS,182207,2,0,0,541,6
Germany 2006,NUNO VALENTE,214967,2,0,0,549,6
Germany 2006,Gennaro GATTUSO,177845,2,0,0,552,6
Germany 2006,MANICHE,214964,2,0,0,565,7
Germany 2006,Eric ABIDAL,217974,2,0,0,570,6
Germany 2006,RICARDO CARVALHO,214957,2,0,0,570,6
Germany 2006,Christoph METZELDER,185434,2,0,0,600,6
Germany 2006,Claude MAKELELE,181293,2,0,0,660,7
Germany 2006,Leandro CUFRE,193984,0,0,1,90,2
Germany 2006,Pablo MASTROENI,188293,0,0,1,91,2
Germany 2006,Mateja KEZMAN,177709,0,0,1,132,2
Germany 2006,Tomas UJFALUSI,177894,0,0,1,155,2
Germany 2006,Vladyslav VASHCHUK,166297,0,0,1,213,3
Germany 2006,Wayne ROONEY,196842,0,0,1,253,4
Germany 2006,Marco MATERAZZI,184451,0,0,1,363,4
Germany 2006,Avery JOHN,158221,0,1,0,77,2
Germany 2006,Cyrille DOMORAUD,3347,0,1,0,90,1
Germany 2006,Jan POLAK,177897,0,1,0,97,3
Germany 2006,Luis PEREZ,176549,0,1,0,105,2
Germany 2006,Eddie POPE,158473,0,1,0,137,2
Germany 2006,Radoslaw SOBOLEWSKI,217260,0,1,0,142,2
Germany 2006,Jean-Paul ABALO,93299,0,1,0,143,2
Germany 2006,Dario SIMIC,155707,0,1,0,265,3
Germany 2006,Josip SIMUNIC,188511,0,1,0,270,3
Germany 2006,BOA MORTE,184454,1,0,0,10,1
Germany 2006,Haykel GUEMAMDIA,209148,1,0,0,10,1
Germany 2006,Teruyuki MONIWA,184367,1,0,0,33,1
Germany 2006,NUNO GOMES,165260,1,0,0,42,2
Germany 2006,Francisco RODRIGUEZ,209960,1,0,0,46,1
Germany 2006,Julio CRUZ,153954,1,0,0,61,2
Germany 2006,PARK Chuyoung,207761,1,0,0,66,1
Germany 2006,Jose Antonio REYES,197690,1,0,0,70,1
Germany 2006,John ALOISI,154050,1,0,0,72,4
Germany 2006,Yassine CHIKHAOUI,233781,1,0,0,82,1
Germany 2006,Johan DJOUROU,216645,1,0,0,86,3
Germany 2006,Artem MILEVSKIY,216753,1,0,0,87,4
Germany 2006,Sami AL JABER,77503,1,0,0,89,3
Germany 2006,AHN Jung Hwan,156216,1,0,0,89,3
Germany 2006,Carlos MARCHENA,177846,1,0,0,90,1
Germany 2006,Vladimir YEZERSKYI,216224,1,0,0,90,1
Germany 2006,GILBERTO MELO,176534,1,0,0,90,1
Germany 2006,RICARDO COSTA,210212,1,0,0,90,1
Germany 2006,Christoph SPYCHER,214476,1,0,0,90,1
Germany 2006,Gabriel BADILLA,183788,1,0,0,90,1
Germany 2006,Tim DE CLER,238003,1,0,0,90,1
Germany 2006,Otto ADDO,178264,1,0,0,90,2
Germany 2006,Yao AZIAWONOU,158045,1,0,0,94,2
Germany 2006,Edgar BARRETO,182624,1,0,0,99,2
Germany 2006,Ferydoon ZANDI,213109,1,0,0,115,2
Germany 2006,Julio DOS SANTOS,198282,1,0,0,118,2
Germany 2006,Danny FONSECA,194152,1,0,0,119,2
Germany 2006,Derek BOATENG,183008,1,0,0,120,3
Germany 2006,DAVID ALBELDA,177917,1,0,0,125,2
Germany 2006,Marco STRELLER,209790,1,0,0,125,3
Germany 2006,Kenwyne JONES,185669,1,0,0,129,2
Germany 2006,KIM Jinkyu,198547,1,0,0,136,2
Germany 2006,Mattias JONSON,185506,1,0,0,140,4
Germany 2006,ROBINHO,194815,1,0,0,140,4
Germany 2006,Jose CASTRO,214015,1,0,0,141,2
Germany 2006,Nawaf AL TEMIYAT,170787,1,0,0,144,2
Germany 2006,Anis AYARI,213375,1,0,0,147,2
Germany 2006,PAULO FERREIRA,187197,1,0,0,147,3
Germany 2006,Kader KEITA,178964,1,0,0,150,2
Germany 2006,Luis GONZALEZ,201965,1,0,0,152,3
Germany 2006,Aruna DINDANE,176984,1,0,0,153,3
Germany 2006,John HEITINGA,184607,1,0,0,159,3
Germany 2006,Jamie CARRAGHER,182787,1,0,0,162,4
Germany 2006,Eddie LEWIS,178101,1,0,0,164,2
Germany 2006,Rafael VAN DER VAART,180811,1,0,0,164,3
Germany 2006,Luke WILKSHIRE,181474,1,0,0,165,2
Germany 2006,Yahya GOLMOHAMMADI,155851,1,0,0,178,2
Germany 2006,Hakan YAKIN,178791,1,0,0,179,3
Germany 2006,Omar AL GHAMDI,213483,1,0,0,180,2
Germany 2006,Habib MOHAMED,253359,1,0,0,180,2
Germany 2006,Akira KAJI,194226,1,0,0,180,2
Germany 2006,Milan DUDIC,216916,1,0,0,180,2
Germany 2006,Cyd GRAY,182759,1,0,0,180,2
Germany 2006,KIM Dong Jin,209900,1,0,0,180,2
Germany 2006,KIM Young Chul,198556,1,0,0,180,2
Germany 2006,Shaka HISLOP,180648,1,0,0,180,2
Germany 2006,Naohiro TAKAHARA,177778,1,0,0,181,3
Germany 2006,Carlos TENORIO,187434,1,0,0,183,3
Germany 2006,ZINHA,218252,1,0,0,186,4
Germany 2006,Vincenzo IAQUINTA,234927,1,0,0,187,5
Germany 2006,Jorge NUNEZ,245617,1,0,0,188,3
Germany 2006,Eric ADDO,253358,1,0,0,191,4
Germany 2006,Mladen KRSTAJIC,182757,1,0,0,196,3
Germany 2006,Dirk KUYT,217313,1,0,0,201,3
Germany 2006,EMERSON,171149,1,0,0,208,3
Germany 2006,CESC,200179,1,0,0,213,4
Germany 2006,Javier SAVIOLA,178837,1,0,0,218,3
Germany 2006,Claudio REYNA,84703,1,0,0,220,3
Germany 2006,Niko KOVAC,155696,1,0,0,221,3
Germany 2006,Adel CHEDLI,213371,1,0,0,228,3
Germany 2006,Joris MATHIJSEN,228281,1,0,0,232,3
Germany 2006,Philippe SENDEROS,209989,1,0,0,233,3
Germany 2006,Ahmed AL DOSARI,159257,1,0,0,235,3
Germany 2006,Cherif Toure MAMAM,214456,1,0,0,236,3
Germany 2006,Leonardo GONZALEZ,200738,1,0,0,236,3
Germany 2006,Densill THEOBALD,214131,1,0,0,241,3
Germany 2006,Arkadiusz RADOMSKI,195105,1,0,0,244,3
Germany 2006,Jacek KRZYNOWEK,178969,1,0,0,245,3
Germany 2006,Nelson VALDEZ,207707,1,0,0,246,3
Germany 2006,Hossein KAEBI,182901,1,0,0,247,3
Germany 2006,LEE Ho,207763,1,0,0,249,3
Germany 2006,Ivan HURTADO,169238,1,0,0,249,3
Germany 2006,Emmanuel ADEBAYOR,178594,1,0,0,255,3
Germany 2006,Mauricio SOLIS,154793,1,0,0,258,3
Germany 2006,Ronald GOMEZ,170167,1,0,0,261,3
Germany 2006,Michal ZEWLAKOW,178967,1,0,0,263,3
Germany 2006,Jose FONSECA,214012,1,0,0,264,4
Germany 2006,Ebi SMOLAREK,188516,1,0,0,265,3
Germany 2006,Tomas ROSICKY,177823,1,0,0,266,3
Germany 2006,ADRIANO,175683,1,0,0,266,4
Germany 2006,Darijo SRNA,210704,1,0,0,267,3
Germany 2006,Denis CANIZA,162763,1,0,0,269,3
Germany 2006,Oguchi ONYEWU,175511,1,0,0,270,3
Germany 2006,MENDONCA,178780,1,0,0,270,3
Germany 2006,DELGADO,176992,1,0,0,270,3
Germany 2006,Igor DULJAJ,182667,1,0,0,270,3
Germany 2006,Arthur BOKA,198489,1,0,0,270,3
Germany 2006,Saud KARIRI,210441,1,0,0,270,3
Germany 2006,Andranik TIMOTIAN,237949,1,0,0,270,3
Germany 2006,Dejan STANKOVIC,170750,1,0,0,270,3
Germany 2006,Dwight YORKE,60183,1,0,0,270,3
Germany 2006,Hatem TRABELSI,170770,1,0,0,270,3
Germany 2006,JAMBA,253600,1,0,0,270,3
Germany 2006,Karim HAGGUI,210564,1,0,0,270,3
Germany 2006,Arjen ROBBEN,184616,1,0,0,270,3
Germany 2006,Brent SANCHO,4332,1,0,0,270,3
Germany 2006,Emmanuel EBOUE,198051,1,0,0,270,3
Germany 2006,Jaouhar MNARI,213369,1,0,0,270,3
Germany 2006,CHOI Jin Cheul,159323,1,0,0,270,3
Germany 2006,David ROZEHNAL,214944,1,0,0,270,3
Germany 2006,Jacek BAK,95557,1,0,0,270,3
Germany 2006,Michael UMANA,208120,1,0,0,270,3
Germany 2006,Segundo CASTILLO,184545,1,0,0,270,3
Germany 2006,Marcin BASZCZYNSKI,186048,1,0,0,270,3
Germany 2006,Roberto ACUNA,157138,1,0,0,270,3
Germany 2006,Alessandro SANTOS,187349,1,0,0,270,3
Germany 2006,Didier ZOKORA,176971,1,0,0,270,3
Germany 2006,Zdenek GRYGERA,177891,1,0,0,270,3
Germany 2006,JOAO RICARDO,162685,1,0,0,270,3
Germany 2006,Massamasso TCHANGAI,158074,1,0,0,270,3
Germany 2006,Stipe PLETIKOSA,179048,1,0,0,270,3
Germany 2006,Yoshikatsu KAWAGUCHI,156047,1,0,0,270,3
Germany 2006,Gonzalo PINEDA,209955,1,0,0,291,4
Germany 2006,Ludovic MAGNIN,178789,1,0,0,300,3
Germany 2006,Hernan CRESPO,162680,1,0,0,308,4
Germany 2006,Craig MOORE,154061,1,0,0,310,4
Germany 2006,Illiasu SHILLA,209161,1,0,0,314,4
Germany 2006,Wesley SNEIJDER,215002,1,0,0,316,4
Germany 2006,Peter CROUCH,194176,1,0,0,321,4
Germany 2006,Tobias LINDEROTH,182648,1,0,0,347,4
Germany 2006,John PANTSIL,184557,1,0,0,360,4
Germany 2006,Edison MENDEZ,178842,1,0,0,360,4
Germany 2006,Niclas ALEXANDERSSON,95673,1,0,0,360,4
Germany 2006,Andre OOIJER,155673,1,0,0,360,4
Germany 2006,Fredrik LJUNGBERG,169551,1,0,0,360,4
Germany 2006,Henrik LARSSON,77995,1,0,0,360,4
Germany 2006,Jason CULINA,178303,1,0,0,360,4
Germany 2006,John MENSAH,184560,1,0,0,360,4
Germany 2006,Cristian MORA,235273,1,0,0,360,4
Germany 2006,Ricardo CABANAS,178790,1,0,0,377,4
Germany 2006,Esteban CAMBIASSO,183574,1,0,0,377,5
Germany 2006,Raphael WICKY,157840,1,0,0,380,4
Germany 2006,Alexander FREI,182647,1,0,0,384,4
Germany 2006,Carlos SALCIDO,218253,1,0,0,390,4
Germany 2006,Philipp DEGEN,196667,1,0,0,390,4
Germany 2006,Tranquillo BARNETTA,209979,1,0,0,390,4
Germany 2006,Johann VOGEL,157838,1,0,0,390,4
Germany 2006,Steven GERRARD,214961,1,0,0,410,5
Germany 2006,Oleg SHELAYEV,216233,1,0,0,434,5
Germany 2006,PAULETA,166375,1,0,0,434,6
Germany 2006,LUCIO,178520,1,0,0,450,5
Germany 2006,Francesco TOTTI,165247,1,0,0,467,7
Germany 2006,Anatoliy TYMOSCHUK,178953,1,0,0,480,5
Germany 2006,Andriy NESMACHNYI,178945,1,0,0,480,5
Germany 2006,Frank LAMPARD,185385,1,0,0,480,5
Germany 2006,Paul ROBINSON,214963,1,0,0,480,5
Germany 2006,CRISTIANO RONALDO,201200,1,0,0,484,6
Germany 2006,Maxi RODRIGUEZ,184291,1,0,0,495,5
Germany 2006,Florent MALOUDA,225204,1,0,0,506,6
Germany 2006,Michael BALLACK,177667,1,0,0,510,5
Germany 2006,MIGUEL,187204,1,0,0,513,6
Germany 2006,Franck RIBERY,248373,1,0,0,516,7
Germany 2006,Bastian SCHWEINSTEIGER,196752,1,0,0,529,7
Germany 2006,LUIS FIGO,160130,1,0,0,531,7
Germany 2006,Arne FRIEDRICH,191178,1,0,0,574,6
Germany 2006,Patrick VIEIRA,170707,1,0,0,587,7
Germany 2006,Fabio GROSSO,230756,1,0,0,600,6
Germany 2006,Lukas PODOLSKI,196789,1,0,0,636,7
Germany 2006,Lilian THURAM,163666,1,0,0,660,7
Germany 2006,RICARDO,182194,1,0,0,660,7
Italy 1934,Imre MARKOS,53662,0,0,1,153,2
Italy 1990,Benjamin MASSING,174740,2,0,1,208,2
Italy 1990,Andre KANA-BIYIK,174649,2,0,1,271,3
Italy 1990,Pedro MONZON,174779,2,0,1,278,4
Italy 1990,Frank RIJKAARD,44566,2,0,1,292,4
Italy 1990,Refik SABANADZOVIC,44591,2,0,1,319,4
Italy 1990,Rudi VOELLER,44739,2,0,1,420,6
Italy 1990,Lubomir MORAVCIK,174783,2,0,1,423,5
Italy 1990,Jose SERRIZUELA,44630,3,0,0,510,5
Italy 1990,Andreas BREHME,174427,3,0,0,570,6
Italy 1990,Gustavo DEZOTTI,174498,1,0,1,150,3
Italy 1990,YOON Deok Yeo,44770,1,0,1,160,2
Italy 1990,Ricardo GIUSTI,174564,1,1,0,350,4
Italy 1990,Jimmy BANKS,174373,2,0,0,135,2
Italy 1990,MOZER,63527,2,0,0,180,2
Italy 1990,YOUSUF HUSSAIN,174774,2,0,0,180,2
Italy 1990,Manfred ZSAK,44787,2,0,0,209,3
Italy 1990,Roger MILLA,79318,2,0,0,236,5
Italy 1990,Roger GOMEZ,174567,2,0,0,240,3
Italy 1990,Nicola BERTI,174393,2,0,0,255,4
Italy 1990,Gheorghe HAGI,2354,2,0,0,266,3
Italy 1990,Marius LACATUS,174687,2,0,0,267,3
Italy 1990,Frantisek STRAKA,44669,2,0,0,270,3
Italy 1990,Robert PECL,174843,2,0,0,270,3
Italy 1990,Sergio BATISTA,174382,2,0,0,291,4
Italy 1990,Jules Denis ONANA,174822,2,0,0,300,3
Italy 1990,Gabriel GOMEZ,168124,2,0,0,349,4
Italy 1990,Lubos KUBIK,174683,2,0,0,350,4
Italy 1990,Hector MARCHENA,174733,2,0,0,360,4
Italy 1990,Jose PERDOMO,174846,2,0,0,360,4
Italy 1990,Emile MBOUH,174723,2,0,0,390,4
Italy 1990,Victor NDIP,174793,2,0,0,390,4
Italy 1990,Pedro TROGLIO,44704,2,0,0,438,6
Italy 1990,Julio OLARTICOECHEA,174816,2,0,0,441,5
Italy 1990,Thomas NKONO,174794,2,0,0,510,5
Italy 1990,Claudio CANIGGIA,174454,2,0,0,555,6
Italy 1990,Paul GASCOIGNE,174553,2,0,0,630,6
Italy 1990,Diego MARADONA,174732,2,0,0,690,7
Italy 1990,Eric WYNALDA,44766,0,0,1,87,2
Italy 1990,Peter ARTNER,174356,0,0,1,94,2
Italy 1990,Vladimir BESSONOV,174396,0,0,1,138,2
Italy 1990,RICARDO GOMES,63516,0,0,1,355,4
Italy 1990,Eric GERETS,174557,0,1,0,252,3
Italy 1990,KHALEEL GHANIM,174787,0,1,0,256,3
Italy 1990,Gerald GLATZMAYER,174565,1,0,0,6,1
Italy 1990,Andreas REISINGER,44557,1,0,0,45,1
Italy 1990,CHUNG Hae Won,174470,1,0,0,63,2
Italy 1990,Danut LUPU,174721,1,0,0,63,2
Italy 1990,Jose PINTOS,44593,1,0,0,90,1
Italy 1990,LEE Heung Sil,174697,1,0,0,90,1
Italy 1990,Steve TRITTSCHUH,44702,1,0,0,90,1
Italy 1990,Glenn STROMBERG,44672,1,0,0,116,3
Italy 1990,Murdo McLEOD,174755,1,0,0,129,2
Italy 1990,Roberto SENSINI,44626,1,0,0,159,2
Italy 1990,Manuel JIMENEZ,174641,1,0,0,161,2
Italy 1990,Wim KIEFT,174661,1,0,0,163,4
Italy 1990,HWANG Bo Kwan,174625,1,0,0,169,2
Italy 1990,Ahmed RAMZY,44550,1,0,0,180,2
Italy 1990,Andrei ZYGMANTOVICH,44783,1,0,0,180,2
Italy 1990,Anton PFEFFER,174858,1,0,0,180,2
Italy 1990,Jonas THERN,44687,1,0,0,180,2
Italy 1990,RICARDO ROCHA,63518,1,0,0,180,2
Italy 1990,Santiago OSTOLAZA,174827,1,0,0,180,3
Italy 1990,Darko PANCEV,174834,1,0,0,182,3
Italy 1990,Srecko KATANEC,174652,1,0,0,214,3
Italy 1990,Bruce MURRAY,174792,1,0,0,249,3
Italy 1990,Paul CALIGIURI,174449,1,0,0,250,3
Italy 1990,EISSA MEER,94436,1,0,0,254,3
Italy 1990,Steve McMAHON,174757,1,0,0,254,4
Italy 1990,Oleg PROTASOV,174883,1,0,0,255,3
Italy 1990,IBRAHIM MEER,94420,1,0,0,266,3
Italy 1990,Ahmed SHOBEIR,184623,1,0,0,270,3
Italy 1990,Andreas HERZOG,174602,1,0,0,270,3
Italy 1990,CHOI Kang Hee,174469,1,0,0,270,3
Italy 1990,CHOI Soon Ho,44001,1,0,0,270,3
Italy 1990,David McPHERSON,174758,1,0,0,270,3
Italy 1990,HUSSAIN GHULOUM,94428,1,0,0,270,3
Italy 1990,Ibrahim HASSAN,174596,1,0,0,270,3
Italy 1990,Joakim NILSSON,174804,1,0,0,270,3
Italy 1990,Jose HERRERA,174601,1,0,0,270,3
Italy 1990,Klaus LINDENBERGER,174707,1,0,0,270,3
Italy 1990,Magdy ABDELGHANY,174321,1,0,0,270,3
Italy 1990,Michael WINDISCHMANN,44758,1,0,0,270,3
Italy 1990,Mo JOHNSTON,174642,1,0,0,270,3
Italy 1990,Stefan SCHWARZ,44617,1,0,0,270,3
Italy 1990,Tony MEOLA,174765,1,0,0,270,3
Italy 1990,Vagiz KHIDIYATULLIN,174659,1,0,0,270,3
Italy 1990,Ruben SOSA,95003,1,0,0,277,4
Italy 1990,Zoran VULIC,44744,1,0,0,277,4
Italy 1990,John ALDRIDGE,174333,1,0,0,290,5
Italy 1990,Ioan LUPESCU,53285,1,0,0,300,3
Italy 1990,Claudio JARA,174636,1,0,0,337,4
Italy 1990,MAURO GALVAO,168114,1,0,0,353,4
Italy 1990,BRANCO,63517,1,0,0,360,4
Italy 1990,DUNGA,170690,1,0,0,360,4
Italy 1990,Enzo FRANCESCOLI,189880,1,0,0,360,4
Italy 1990,Fernando ALVEZ,174344,1,0,0,360,4
Italy 1990,Jan KOCIAN,174668,1,0,0,360,4
Italy 1990,Jan WOUTERS,44763,1,0,0,360,4
Italy 1990,JORGINHO,63515,1,0,0,360,4
Italy 1990,Marco VAN BASTEN,41373,1,0,0,360,4
Italy 1990,Nelson GUTIERREZ,174585,1,0,0,360,4
Italy 1990,Ronald GONZALEZ,94770,1,0,0,360,4
Italy 1990,Peter BEARDSLEY,174384,1,0,0,360,5
Italy 1990,Roberto BAGGIO,174363,1,0,0,376,5
Italy 1990,Francisco VILLARROYA,44737,1,0,0,379,4
Italy 1990,ROBERTO,63539,1,0,0,381,4
Italy 1990,CHENDO,63538,1,0,0,390,4
Italy 1990,Leonel ALVAREZ,174343,1,0,0,390,4
Italy 1990,Luis Carlos PEREA,174847,1,0,0,390,4
Italy 1990,Luis HERRERA,122746,1,0,0,390,4
Italy 1990,Michael KLEIN,167157,1,0,0,390,4
Italy 1990,Jozef CHOVANEC,95311,1,0,0,391,5
Italy 1990,Oscar RUGGERI,44585,1,0,0,420,5
Italy 1990,Michal BILEK,174403,1,0,0,427,5
Italy 1990,Ivo KNOFLICEK,174667,1,0,0,428,5
Italy 1990,Zlatko VUJOVIC,44742,1,0,0,447,5
Italy 1990,Ivan HASEK,174594,1,0,0,450,5
Italy 1990,Miroslav KADLEC,174648,1,0,0,450,5
Italy 1990,Tomas SKUHRAVY,44645,1,0,0,450,5
Italy 1990,Luigi DE AGOSTINI,174489,1,0,0,451,6
Italy 1990,Dragoljub BRNOVIC,174430,1,0,0,455,5
Italy 1990,Chris MORRIS,174785,1,0,0,480,5
Italy 1990,Kevin MORAN,174782,1,0,0,480,5
Italy 1990,Paul McGRATH,174751,1,0,0,480,5
Italy 1990,Dragan STOJKOVIC,44667,1,0,0,510,5
Italy 1990,Riccardo FERRI,174539,1,0,0,570,7
Italy 1990,Giuseppe GIANNINI,174560,1,0,0,585,7
Italy 1990,Sergio GOYCOCHEA,168112,1,0,0,589,6
Italy 1990,Thomas BERTHOLD,174392,1,0,0,598,7
Italy 1990,Jorge BURRUCHAGA,174440,1,0,0,623,7
Italy 1990,Juergen KLINSMANN,174666,1,0,0,629,7
Italy 1990,Paul PARKER,174838,1,0,0,630,6
Italy 1990,Stuart PEARCE,174842,1,0,0,630,6
Italy 1990,Lothar MATTHAEUS,174742,1,0,0,660,7
Italy 1990,Juan SIMON,44640,1,0,0,690,7
Koreajapan 2002,Alpay OZALAN,177731,2,0,1,460,5
Koreajapan 2002,Emre BELOZOGLU,179306,3,0,0,461,6
Koreajapan 2002,Michael BALLACK,177667,3,0,0,540,6
Koreajapan 2002,Tugay KERIMOGLU,95146,3,0,0,632,7
Koreajapan 2002,Salif DIAO,182157,1,0,1,274,3
Koreajapan 2002,RONALDINHO,3243,1,0,1,331,5
Koreajapan 2002,Roberto ACUNA,157138,1,0,1,360,4
Koreajapan 2002,BETO,159294,1,1,0,183,3
Koreajapan 2002,Francesco TOTTI,165247,1,1,0,342,4
Koreajapan 2002,Dmitry ALENICHEV,157454,2,0,0,103,2
Koreajapan 2002,Christian POULSEN,186373,2,0,0,106,3
Koreajapan 2002,Marcelo ROMERO,158439,2,0,0,115,2
Koreajapan 2002,Hassan GABSI,159366,2,0,0,132,2
Koreajapan 2002,Piotr SWIERCZEWSKI,95548,2,0,0,180,2
Koreajapan 2002,Gregg BERHALTER,178167,2,0,0,180,2
Koreajapan 2002,Emre ASIK,162055,2,0,0,180,2
Koreajapan 2002,Emmanuel PETIT,95448,2,0,0,180,2
Koreajapan 2002,Miran PAVLIN,177697,2,0,0,219,3
Koreajapan 2002,JORGE COSTA,160555,2,0,0,253,3
Koreajapan 2002,Pablo MASTROENI,188293,2,0,0,258,3
Koreajapan 2002,Clever CHALA,94983,2,0,0,264,3
Koreajapan 2002,Amir KARIC,157906,2,0,0,270,3
Koreajapan 2002,Andrei SOLOMATIN,159558,2,0,0,270,3
Koreajapan 2002,Aaron MOKOENA,177007,2,0,0,270,3
Koreajapan 2002,Pablo GARCIA,177265,2,0,0,270,3
Koreajapan 2002,Fabio CANNAVARO,155957,2,0,0,270,3
Koreajapan 2002,Zeljko MILINOVIC,177695,2,0,0,270,3
Koreajapan 2002,Frankie HEJDUK,158461,2,0,0,334,4
Koreajapan 2002,Kazuyuki TODA,177782,2,0,0,360,4
Koreajapan 2002,Yves VANDERHAEGHE,177682,2,0,0,360,4
Koreajapan 2002,Christian ZIEGE,155370,2,0,0,367,5
Koreajapan 2002,Khalilou FADIGA,4108,2,0,0,375,4
Koreajapan 2002,Aliou CISSE,177583,2,0,0,390,4
Koreajapan 2002,Ruben BARAJA,179536,2,0,0,420,4
Koreajapan 2002,Eddie POPE,158473,2,0,0,439,5
Koreajapan 2002,Ferdinand COLY,178878,2,0,0,452,5
Koreajapan 2002,Omar DAF,177515,2,0,0,480,5
Koreajapan 2002,Didi HAMANN,159386,2,0,0,540,6
Koreajapan 2002,ROQUE JUNIOR,178105,2,0,0,540,6
Koreajapan 2002,Hasan SAS,166347,2,0,0,549,6
Koreajapan 2002,KIM Tae Young,169918,2,0,0,556,7
Koreajapan 2002,SHAO Jiayi,183443,0,0,1,37,2
Koreajapan 2002,Nastja CEH,186557,0,0,1,50,2
Koreajapan 2002,Boris ZIVKOVIC,170829,0,0,1,59,1
Koreajapan 2002,Thierry HENRY,170711,0,0,1,114,2
Koreajapan 2002,JOAO PINTO,163936,0,0,1,175,3
Koreajapan 2002,Rafael MARQUEZ,178119,0,0,1,357,4
Koreajapan 2002,Patrick SUFFO,159566,0,1,0,46,2
Koreajapan 2002,Carlos PAREDES,170674,0,1,0,111,2
Koreajapan 2002,Hakan UNSAL,166286,0,1,0,320,4
Koreajapan 2002,Carsten RAMELOW,165009,0,1,0,354,5
Koreajapan 2002,Juan Carlos FRANCO,157163,1,0,0,6,2
Koreajapan 2002,Alberto GARCIA ASPE,77275,1,0,0,13,1
Koreajapan 2002,Masashi NAKAYAMA,94407,1,0,0,19,1
Koreajapan 2002,Pierre ISSA,170641,1,0,0,26,1
Koreajapan 2002,Frank BAUMANN,179551,1,0,0,31,1
Koreajapan 2002,Steven REID,187553,1,0,0,32,2
Koreajapan 2002,Vincenzo MONTELLA,177662,1,0,0,36,1
Koreajapan 2002,Dmitri SENNIKOV,189213,1,0,0,48,1
Koreajapan 2002,Jason McATEER,118290,1,0,0,56,2
Koreajapan 2002,FRECHAUT,184452,1,0,0,62,1
Koreajapan 2002,Matias ALMEYDA,153931,1,0,0,62,1
Koreajapan 2002,Cezary KUCHARSKI,157288,1,0,0,64,1
Koreajapan 2002,Josh WOLFF,178418,1,0,0,66,2
Koreajapan 2002,Ivan KAVIEDES,3508,1,0,0,67,2
Koreajapan 2002,Arkadiusz BAK,178977,1,0,0,75,1
Koreajapan 2002,Habib BEYE,183774,1,0,0,76,3
Koreajapan 2002,Christophe DUGARRY,160559,1,0,0,85,3
Koreajapan 2002,Alexei SMERTIN,178831,1,0,0,89,2
Koreajapan 2002,Gustavo MENDEZ,95028,1,0,0,90,1
Koreajapan 2002,Jose CHAMOT,78407,1,0,0,90,1
Koreajapan 2002,Muamer VUGDALIC,179140,1,0,0,90,1
Koreajapan 2002,Ricardo TAVARELLI,178244,1,0,0,90,1
Koreajapan 2002,Radoslaw MAJDAN,166751,1,0,0,90,1
Koreajapan 2002,Eric VAN MEIR,95624,1,0,0,91,2
Koreajapan 2002,Mohammed NOOR,70092,1,0,0,95,2
Koreajapan 2002,Luis HERNANDEZ,170333,1,0,0,100,3
Koreajapan 2002,Pape THIAW,182160,1,0,0,105,1
Koreajapan 2002,YANG Pu,185628,1,0,0,119,2
Koreajapan 2002,DENILSON,63876,1,0,0,120,5
Koreajapan 2002,Diego GAVILAN,177219,1,0,0,122,3
Koreajapan 2002,LEE Min Sung,156236,1,0,0,125,2
Koreajapan 2002,Ruslan PIMENOV,186804,1,0,0,135,2
Koreajapan 2002,Igor SEMSHOV,189925,1,0,0,135,2
Koreajapan 2002,Sebastian KEHL,184403,1,0,0,135,2
Koreajapan 2002,Cristian GONZALEZ,170129,1,0,0,136,3
Koreajapan 2002,Siyabonga NOMVETHE,4078,1,0,0,143,2
Koreajapan 2002,Jan HEINTZE,50739,1,0,0,147,2
Koreajapan 2002,Francesco COCO,177880,1,0,0,148,2
Koreajapan 2002,CHA Du Ri,188387,1,0,0,156,4
Koreajapan 2002,Carlos TENORIO,187434,1,0,0,158,3
Koreajapan 2002,Efetobore SODJE,3996,1,0,0,162,2
Koreajapan 2002,Sebastijan CIMIROTIC,157897,1,0,0,164,3
Koreajapan 2002,Dmitry KHOKHLOV,159430,1,0,0,174,3
Koreajapan 2002,Peter VAN DER HEYDEN,184585,1,0,0,180,2
Koreajapan 2002,Tomasz HAJTO,169660,1,0,0,180,2
Koreajapan 2002,Diego SIMEONE,76115,1,0,0,180,2
Koreajapan 2002,Taribo WEST,156924,1,0,0,180,2
Koreajapan 2002,Kais GHODHBANE,158261,1,0,0,180,2
Koreajapan 2002,Carsten JANCKER,168509,1,0,0,185,3
Koreajapan 2002,Eddie LEWIS,178101,1,0,0,196,3
Koreajapan 2002,Gabriel BATISTUTA,75952,1,0,0,196,3
Koreajapan 2002,Salomon OLEMBE,170668,1,0,0,198,3
Koreajapan 2002,Jose CARDOZO,162010,1,0,0,212,3
Koreajapan 2002,Niclas JENSEN,168270,1,0,0,213,3
Koreajapan 2002,Jeff AGOOS,158451,1,0,0,215,3
Koreajapan 2002,DaMarcus BEASLEY,175498,1,0,0,219,3
Koreajapan 2002,Al Hasan AL YAMI,186427,1,0,0,221,3
Koreajapan 2002,Ilhan MANSIZ,186677,1,0,0,221,7
Koreajapan 2002,Sebastian ABREU,158398,1,0,0,222,3
Koreajapan 2002,Nawaf AL TEMIYAT,170787,1,0,0,225,3
Koreajapan 2002,RUI JORGE,165745,1,0,0,230,3
Koreajapan 2002,Mladen RUDONJA,157911,1,0,0,231,3
Koreajapan 2002,Bill TCHATO,178258,1,0,0,232,3
Koreajapan 2002,Dario SILVA,158445,1,0,0,239,3
Koreajapan 2002,Mauricio SOLIS,154793,1,0,0,244,3
Koreajapan 2002,Walter CENTENO,178004,1,0,0,245,3
Koreajapan 2002,Benni McCARTHY,170650,1,0,0,246,3
Koreajapan 2002,Dario RODRIGUEZ,4388,1,0,0,248,3
Koreajapan 2002,Marcus ALLBACK,177703,1,0,0,251,4
Koreajapan 2002,Magnus SVENSSON,177681,1,0,0,251,4
Koreajapan 2002,Gilberto MARTINEZ,181314,1,0,0,253,3
Koreajapan 2002,Zied JAZIRI,176953,1,0,0,256,3
Koreajapan 2002,PETIT,182197,1,0,0,256,3
Koreajapan 2002,Lucas RADEBE,93410,1,0,0,259,3
Koreajapan 2002,Jens JEREMIES,155344,1,0,0,261,7
Koreajapan 2002,Pierre WOME,154649,1,0,0,263,3
Koreajapan 2002,Khaled BADRA,158243,1,0,0,263,3
Koreajapan 2002,Junichi INAMOTO,177771,1,0,0,264,4
Koreajapan 2002,Emmanuel OLISADEBE,178975,1,0,0,265,3
Koreajapan 2002,Ebbe SAND,171139,1,0,0,268,3
Koreajapan 2002,Ales CEH,157896,1,0,0,270,3
Koreajapan 2002,Raul GUERRON,179593,1,0,0,270,3
Koreajapan 2002,Ronald GOMEZ,170167,1,0,0,270,3
Koreajapan 2002,Sibusiso ZUMA,181629,1,0,0,270,3
Koreajapan 2002,Marc-Vivien FOE,111332,1,0,0,270,3
Koreajapan 2002,Stjepan TOMAS,170753,1,0,0,270,3
Koreajapan 2002,XU Yunlong,183441,1,0,0,270,3
Koreajapan 2002,Cyril NZAMA,4079,1,0,0,270,3
Koreajapan 2002,Robert KOVAC,179049,1,0,0,270,3
Koreajapan 2002,Teboho MOKOENA,181632,1,0,0,270,3
Koreajapan 2002,Bradley CARNELL,177447,1,0,0,270,3
Koreajapan 2002,LAUREN,171400,1,0,0,270,3
Koreajapan 2002,LI Weifeng,183592,1,0,0,270,3
Koreajapan 2002,Hatem TRABELSI,170770,1,0,0,270,3
Koreajapan 2002,Josip SIMUNIC,188511,1,0,0,270,3
Koreajapan 2002,Luis MARIN,170171,1,0,0,270,3
Koreajapan 2002,Marek KOZMINSKI,95546,1,0,0,270,3
Koreajapan 2002,Paolo MONTERO,158427,1,0,0,270,3
Koreajapan 2002,Raymond KALLA,130674,1,0,0,270,3
Koreajapan 2002,Walter SAMUEL,3076,1,0,0,270,3
Koreajapan 2002,Agustin DELGADO,155011,1,0,0,270,3
Koreajapan 2002,GEREMI,176652,1,0,0,270,3
Koreajapan 2002,Jesus ARELLANO,162670,1,0,0,270,3
Koreajapan 2002,LI Tie,154578,1,0,0,270,3
Koreajapan 2002,Rigobert SONG,170657,1,0,0,270,3
Koreajapan 2002,Ulises DE LA CRUZ,155010,1,0,0,270,3
Koreajapan 2002,Jacek KRZYNOWEK,178969,1,0,0,270,3
Koreajapan 2002,Augusto POROSO,3512,1,0,0,270,3
Koreajapan 2002,Carlos CASTRO,181315,1,0,0,270,3
Koreajapan 2002,Fabian CARINI,4373,1,0,0,270,3
Koreajapan 2002,LI Xiaopeng,183444,1,0,0,270,3
Koreajapan 2002,Jose CEVALLOS,155002,1,0,0,270,3
Koreajapan 2002,Thomas HELVEG,154928,1,0,0,276,4
Koreajapan 2002,Tsuneyasu MIYAMOTO,177760,1,0,0,290,4
Koreajapan 2002,JUANFRAN,184438,1,0,0,291,3
Koreajapan 2002,Gert VERHEYEN,154199,1,0,0,294,4
Koreajapan 2002,Roque SANTA CRUZ,4039,1,0,0,298,4
Koreajapan 2002,Cristiano ZANETTI,177884,1,0,0,300,3
Koreajapan 2002,DE PEDRO,161435,1,0,0,314,4
Koreajapan 2002,Manuel VIDRIO,165626,1,0,0,315,4
Koreajapan 2002,Stig TOFTING,95174,1,0,0,315,4
Koreajapan 2002,Steve STAUNTON,44658,1,0,0,315,4
Koreajapan 2002,Henri CAMARA,4102,1,0,0,321,4
Koreajapan 2002,LEE Eul Yong,189571,1,0,0,333,4
Koreajapan 2002,Fernando MORIENTES,170678,1,0,0,336,5
Koreajapan 2002,Gianluca ZAMBROTTA,177655,1,0,0,341,4
Koreajapan 2002,Niclas ALEXANDERSSON,95673,1,0,0,345,4
Koreajapan 2002,Steve FINNAN,179106,1,0,0,345,4
Koreajapan 2002,Denis CANIZA,162763,1,0,0,347,4
Koreajapan 2002,Gerardo TORRADO,70097,1,0,0,347,4
Koreajapan 2002,Cuauhtemoc BLANCO,162580,1,0,0,347,4
Koreajapan 2002,Salvador CARMONA,162582,1,0,0,360,4
Koreajapan 2002,Claudio REYNA,84703,1,0,0,360,4
Koreajapan 2002,Daniel VAN BUYTEN,375523,1,0,0,360,4
Koreajapan 2002,Julio Cesar CACERES,189334,1,0,0,360,4
Koreajapan 2002,Koji NAKATA,177766,1,0,0,360,4
Koreajapan 2002,Martin LAURSEN,177716,1,0,0,360,4
Koreajapan 2002,Francisco ARCE,162012,1,0,0,360,4
Koreajapan 2002,Jon Dahl TOMASSON,154949,1,0,0,360,4
Koreajapan 2002,Oscar PEREZ,170808,1,0,0,360,4
Koreajapan 2002,Christian PANUCCI,91469,1,0,0,362,4
Koreajapan 2002,Oliver NEUVILLE,179558,1,0,0,367,6
Koreajapan 2002,KIM Nam Il,188386,1,0,0,368,5
Koreajapan 2002,Emile HESKEY,177656,1,0,0,369,5
Koreajapan 2002,Henrik LARSSON,77995,1,0,0,372,4
Koreajapan 2002,Juan Carlos VALERON,183383,1,0,0,373,4
Koreajapan 2002,Andreas JAKOBSSON,157936,1,0,0,375,4
Koreajapan 2002,Johan MJALLBY,168741,1,0,0,375,4
Koreajapan 2002,LEE Chun Soo,178469,1,0,0,378,7
Koreajapan 2002,Damiano TOMMASI,155978,1,0,0,390,4
Koreajapan 2002,Christian VIERI,155979,1,0,0,390,4
Koreajapan 2002,Paul SCHOLES,155117,1,0,0,408,5
Koreajapan 2002,Fernando HIERRO,174605,1,0,0,420,4
Koreajapan 2002,Ashley COLE,182786,1,0,0,433,5
Koreajapan 2002,Danny MILLS,185383,1,0,0,450,5
Koreajapan 2002,Sol CAMPBELL,161455,1,0,0,450,5
Koreajapan 2002,Rio FERDINAND,170721,1,0,0,450,5
Koreajapan 2002,Brad FRIEDEL,77525,1,0,0,450,5
Koreajapan 2002,Ergun PENBE,159350,1,0,0,465,5
Koreajapan 2002,Bouba DIOP,185142,1,0,0,480,5
Koreajapan 2002,El Hadji DIOUF,4107,1,0,0,480,5
Koreajapan 2002,AHN Jung Hwan,156216,1,0,0,532,7
Koreajapan 2002,ROBERTO CARLOS,170688,1,0,0,540,6
Koreajapan 2002,Miroslav KLOSE,182206,1,0,0,561,7
Koreajapan 2002,CHOI Jin Cheul,159323,1,0,0,565,6
Koreajapan 2002,YOO Sang Chul,156242,1,0,0,577,7
Koreajapan 2002,Bernd SCHNEIDER,164548,1,0,0,580,7
Koreajapan 2002,Rustu RECBER,95586,1,0,0,589,7
Koreajapan 2002,Hakan SUKUR,163107,1,0,0,590,7
Koreajapan 2002,HONG Myung Bo,2188,1,0,0,596,7
Koreajapan 2002,SEOL Ki Hyeon,177806,1,0,0,597,7
Koreajapan 2002,CAFU (Marcos Evangelista de Moraes),76824,1,0,0,630,7
Koreajapan 2002,GILBERTO SILVA,187267,1,0,0,630,7
Koreajapan 2002,Torsten FRINGS,182207,1,0,0,630,7
Koreajapan 2002,Oliver KAHN,78091,1,0,0,630,7
Koreajapan 2002,PARK Ji Sung,177788,1,0,0,637,7
Koreajapan 2002,Fatih AKYEL,159357,1,0,0,645,7
Koreajapan 2002,SONG Chong Gug,179025,1,0,0,690,7
Mexico 1970,Francis LEE,52864,2,0,0,258,3
Mexico 1970,Dagoberto FONTES,49530,2,0,0,267,4
Mexico 1970,David PRIMO,56450,2,0,0,270,3
Mexico 1970,Gustavo PENA,174845,2,0,0,360,4
Mexico 1970,Gerd MUELLER,174790,2,0,0,600,6
Mexico 1970,Max LORENZ,53197,1,0,0,45,1
Mexico 1970,Givili NODIYA,55230,1,0,0,66,1
Mexico 1970,Claes CRONQVIST,48065,1,0,0,90,1
Mexico 1970,Menachem BELLO,46391,1,0,0,90,1
Mexico 1970,Sergio MENDEZ,54091,1,0,0,122,2
Mexico 1970,Gennadi LOGOFET,53138,1,0,0,124,2
Mexico 1970,Andrej KVASNAK,174686,1,0,0,134,2
Mexico 1970,Evgeni LOVCHEV,53222,1,0,0,146,2
Mexico 1970,Orjan PERSSON,56161,1,0,0,166,2
Mexico 1970,Gianni RIVERA,44571,1,0,0,170,4
Mexico 1970,Alexander HORVATH,51008,1,0,0,180,2
Mexico 1970,Salvador FLAMENCO CABEZAS,49451,1,0,0,180,3
Mexico 1970,Shraga BAR,46202,1,0,0,225,3
Mexico 1970,Kakhi ASATIANI,45842,1,0,0,251,3
Mexico 1970,Ion DUMITRU,48772,1,0,0,261,3
Mexico 1970,Jean THISSEN,58913,1,0,0,270,3
Mexico 1970,Karol DOBIAS,174503,1,0,0,270,3
Mexico 1970,Mihai MOCANU,54327,1,0,0,270,3
Mexico 1970,Paul VAN HIMST,44719,1,0,0,270,3
Mexico 1970,Radu NUNWEILLER,55321,1,0,0,270,3
Mexico 1970,Raul MAGANA,53393,1,0,0,270,3
Mexico 1970,Salvador MARIONA,53654,1,0,0,270,3
Mexico 1970,GERSON,63880,1,0,0,309,4
Mexico 1970,Javier VALDIVIA,59342,1,0,0,315,4
Mexico 1970,Vitali KHMELNITSKI,69799,1,0,0,324,4
Mexico 1970,Hennes LOEHR,53140,1,0,0,351,6
Mexico 1970,Anatoly BISHOVETS,47121,1,0,0,390,4
Mexico 1970,RIVELINO,63896,1,0,0,450,5
Mexico 1970,Angelo DOMENGHINI,174505,1,0,0,475,6
Mexico 1970,TOSTAO,63881,1,0,0,518,6
Mexico 1970,Roberto ROSATO,44580,1,0,0,533,6
Mexico 1970,Ildo MANEIRO,53557,1,0,0,534,6
Mexico 1970,CARLOS ALBERTO,63891,1,0,0,540,6
Mexico 1970,Julio CORTES,47998,1,0,0,558,6
Mexico 1970,Roberto BONINSEGNA,174416,1,0,0,564,6
Mexico 1970,Giancarlo DE SISTI,174494,1,0,0,570,6
Mexico 1970,Juan MUJICA,54679,1,0,0,570,6
Mexico 1970,Julio MONTERO CASTILLO,54450,1,0,0,570,6
Mexico 1970,Luis UBINA,59243,1,0,0,570,6
Mexico 1970,Tarcisio BURGNICH,174438,1,0,0,570,6
Mexico 1970,Wolfgang OVERATH,174828,1,0,0,600,6
Mexico 1986,Terry FENWICK,49325,3,0,0,360,4
Mexico 1986,Hugo S√ÅNCHEZ,174153,3,0,0,390,4
Mexico 1986,Mike SWEENEY,58636,1,0,1,98,2
Mexico 1986,Ray WILKINS,44753,1,0,1,132,2
Mexico 1986,Miguel BOSSIO,46827,1,0,1,199,3
Mexico 1986,Frank ARNESEN,45799,1,0,1,268,3
Mexico 1986,Javier AGUIRRE,45078,1,0,1,460,5
Mexico 1986,CHO Young Jeung,230480,2,0,0,180,2
Mexico 1986,SHAKER SAMIR,53436,2,0,0,180,2
Mexico 1986,Jorge DA SILVA,48152,2,0,0,225,3
Mexico 1986,KIM Joo Sung,174662,2,0,0,225,3
Mexico 1986,Giuseppe BERGOMI,174391,2,0,0,270,3
Mexico 1986,Victor DIOGO,48591,2,0,0,270,3
Mexico 1986,Vladimiro SCHETTINA,57679,2,0,0,270,3
Mexico 1986,Dariusz DZIEKANOWSKI,48820,2,0,0,326,4
Mexico 1986,GOIKO,166547,2,0,0,360,4
Mexico 1986,Labid KHALIFA,52642,2,0,0,360,4
Mexico 1986,Oscar GARRE,49800,2,0,0,360,4
Mexico 1986,William AYACHE,45969,2,0,0,360,4
Mexico 1986,Luis FERNANDEZ,174535,2,0,0,553,6
Mexico 1986,Nery PUMPIDO,174885,2,0,0,630,7
Mexico 1986,Lothar MATTHAEUS,174742,2,0,0,640,7
Mexico 1986,Jose BATISTA,174381,0,0,1,181,3
Mexico 1986,Thomas BERTHOLD,174392,0,0,1,515,6
Mexico 1986,Bassel GORGIS,46282,0,1,0,133,2
Mexico 1986,Alvin MARTIN,167893,1,0,0,90,1
Mexico 1986,Steve ARCHIBALD,45752,1,0,0,90,1
Mexico 1986,Eamonn BANNON,46191,1,0,0,90,2
Mexico 1986,Billy HAMILTON,50531,1,0,0,133,3
Mexico 1986,Wilmar CABRERA,47147,1,0,0,135,2
Mexico 1986,Mario SARALEGUI,57579,1,0,0,144,3
Mexico 1986,MOHAMED HARIS,50674,1,0,0,157,2
Mexico 1986,Nigel WORTHINGTON,60050,1,0,0,160,2
Mexico 1986,SADDAM KARIM,54202,1,0,0,171,2
Mexico 1986,Mark HATELEY,50696,1,0,0,176,3
Mexico 1986,Carlos DE LOS COBOS,69332,1,0,0,178,3
Mexico 1986,Aleksandar MARKOV,53663,1,0,0,180,2
Mexico 1986,David NAREY,54948,1,0,0,180,2
Mexico 1986,HAMMOUDI RAAD,57435,1,0,0,180,2
Mexico 1986,Mario TREJO,59132,1,0,0,180,2
Mexico 1986,Maurice MALPAS,174731,1,0,0,180,2
Mexico 1986,Franky VAN DER ELST,44715,1,0,0,181,3
Mexico 1986,GOMES,174566,1,0,0,208,3
Mexico 1986,Rabah MADJER,53379,1,0,0,213,3
Mexico 1986,Stephen NICOL,55115,1,0,0,220,3
Mexico 1986,Norman WHITESIDE,44752,1,0,0,238,3
Mexico 1986,HASHEM NATIK,44904,1,0,0,240,3
Mexico 1986,Henrik ANDERSEN,45574,1,0,0,240,3
Mexico 1986,Zhivko GOSPODINOV,50165,1,0,0,254,3
Mexico 1986,Bob LENARDUZZI,52930,1,0,0,270,3
Mexico 1986,Faouzi MANSOURI,53585,1,0,0,270,3
Mexico 1986,HUH Jung Moo,51091,1,0,0,270,3
Mexico 1986,Ivan NIELSEN,174803,1,0,0,270,3
Mexico 1986,KHALIL MOHAMED,45423,1,0,0,270,3
Mexico 1986,Klaus BERGGREEN,46491,1,0,0,270,3
Mexico 1986,Mal DONAGHY,48672,1,0,0,270,3
Mexico 1986,Nikolai ARABOV,45732,1,0,0,270,3
Mexico 1986,PACHECO,63678,1,0,0,270,3
Mexico 1986,PARK Chang Sun,55941,1,0,0,270,3
Mexico 1986,PARK Kyung Hoon,174837,1,0,0,270,3
Mexico 1986,Sam McILROY,53965,1,0,0,270,3
Mexico 1986,SHAKER NADHUM,57418,1,0,0,270,3
Mexico 1986,Abdelrazzak KHAIRI,52077,1,0,0,272,4
Mexico 1986,Dominique ROCHETEAU,44577,1,0,0,288,4
Mexico 1986,JULIO ALBERTO,51698,1,0,0,300,3
Mexico 1986,Vasili RATS,44552,1,0,0,300,3
Mexico 1986,Alfredo MENDOZA,169965,1,0,0,308,4
Mexico 1986,Igor BELANOV,174386,1,0,0,312,4
Mexico 1986,Antonio DI GENNARO,48492,1,0,0,315,4
Mexico 1986,Sergio SANTIN,57553,1,0,0,327,4
Mexico 1986,Steve HODGE,174609,1,0,0,329,5
Mexico 1986,Eduardo ACEVEDO,44947,1,0,0,331,4
Mexico 1986,Hector ENRIQUE,174524,1,0,0,331,5
Mexico 1986,Ramon Maria CALDERE,159846,1,0,0,336,4
Mexico 1986,Salvatore BAGNI,46060,1,0,0,337,4
Mexico 1986,Abdelmajid LAMRISS,52717,1,0,0,343,4
Mexico 1986,Wlodimierz SMOLAREK,44647,1,0,0,344,4
Mexico 1986,Enzo FRANCESCOLI,189880,1,0,0,354,4
Mexico 1986,Fernando DE NAPOLI,174492,1,0,0,357,4
Mexico 1986,Mohamed TIMOUMI,58975,1,0,0,358,4
Mexico 1986,Antonio CABRINI,174446,1,0,0,360,4
Mexico 1986,Fernando ALVEZ,174344,1,0,0,360,4
Mexico 1986,Gaetano SCIREA,44620,1,0,0,360,4
Mexico 1986,Jorge NUNEZ,55317,1,0,0,360,4
Mexico 1986,Julio Cesar ROMERO,57097,1,0,0,360,4
Mexico 1986,Pietro VIERCHOWOD,44734,1,0,0,360,4
Mexico 1986,Roman WOJCICKI,60006,1,0,0,360,4
Mexico 1986,Zbigniew BONIEK,160825,1,0,0,360,4
Mexico 1986,Julio OLARTICOECHEA,174816,1,0,0,366,7
Mexico 1986,Carlos MUNOZ,54734,1,0,0,390,4
Mexico 1986,TOMAS,56808,1,0,0,405,5
Mexico 1986,Michel RENQUIN,56809,1,0,0,429,5
Mexico 1986,MICHEL,166466,1,0,0,446,5
Mexico 1986,Terry BUTCHER,174441,1,0,0,450,5
Mexico 1986,BRANCO,63517,1,0,0,480,5
Mexico 1986,CARECA,55528,1,0,0,480,5
Mexico 1986,EDINHO,179502,1,0,0,480,5
Mexico 1986,Fernando QUIRARTE,56535,1,0,0,480,5
Mexico 1986,Jose Antonio CAMACHO,159896,1,0,0,480,5
Mexico 1986,Manuel NEGRETE,174797,1,0,0,480,5
Mexico 1986,Raul SERVIN,57857,1,0,0,480,5
Mexico 1986,VICTOR,166470,1,0,0,480,5
Mexico 1986,Daniel VEYT,59586,1,0,0,502,5
Mexico 1986,Ditmar JAKOBS,51403,1,0,0,507,6
Mexico 1986,Sergio BATISTA,174382,1,0,0,534,7
Mexico 1986,Georges GRUN,166579,1,0,0,539,6
Mexico 1986,Jose CUCIUFFO,174484,1,0,0,540,6
Mexico 1986,Felix MAGATH,174724,1,0,0,542,6
Mexico 1986,Hans Peter BRIEGEL,174429,1,0,0,543,6
Mexico 1986,Klaus ALLOFS,174339,1,0,0,615,7
Mexico 1986,Diego MARADONA,174732,1,0,0,630,7
Mexico 1986,Jorge VALDANO,44707,1,0,0,630,7
Mexico 1986,Jose BROWN,174434,1,0,0,630,7
Mexico 1986,Ricardo GIUSTI,174564,1,0,0,630,7
Mexico 1986,Stephane DEMOL,44042,1,0,0,633,7
Mexico 1986,Karl Heinz FOERSTER,44112,1,0,0,641,7
Mexico 1986,Norbert EDER,48852,1,0,0,655,7
Mexico 1986,Nico CLAESEN,44006,1,0,0,660,7
Mexico 1986,Manuel AMOROS,45546,1,0,0,690,7
Mexico 1986,Jan CEULEMANS,43988,1,0,0,720,7
Mexico 1986,Jean Marie PFAFF,174857,1,0,0,720,7
Southafrica 2010,Victor CACERES,283757,3,0,0,354,4
Southafrica 2010,Gregory VAN DER WIEL,291410,3,0,0,480,5
Southafrica 2010,Nigel DE JONG,216964,3,0,0,547,6
Southafrica 2010,FELIPE MELO,194818,1,0,1,291,4
Southafrica 2010,Aleksandar LUKOVIC,243852,1,1,0,164,2
Southafrica 2010,KAKA,184312,1,1,0,337,4
Southafrica 2010,John HEITINGA,184607,1,1,0,649,7
Southafrica 2010,RAMIRES,298959,2,0,0,105,4
Southafrica 2010,Jamie CARRAGHER,182787,2,0,0,135,2
Southafrica 2010,Matias FERNANDEZ,229435,2,0,0,155,2
Southafrica 2010,Robbie FINDLEY,296249,2,0,0,167,3
Southafrica 2010,Craig MOORE,154061,2,0,0,180,2
Southafrica 2010,Jeremy TOULALAN,254145,2,0,0,180,2
Southafrica 2010,Kagisho DIKGACOI,269986,2,0,0,180,2
Southafrica 2010,Simon KJAER,309962,2,0,0,180,2
Southafrica 2010,Jonas GUTIERREZ,198149,2,0,0,191,3
Southafrica 2010,Chinedu OGBUKE OBASI,200301,2,0,0,195,3
Southafrica 2010,CACAU,312546,2,0,0,205,4
Southafrica 2010,Efrain JUAREZ,228592,2,0,0,235,3
Southafrica 2010,Nicolas NKOULOU,290931,2,0,0,253,3
Southafrica 2010,Zdenko STRBA,178464,2,0,0,267,3
Southafrica 2010,Hassan YEBDA,183882,2,0,0,268,3
Southafrica 2010,Stephane MBIA,200935,2,0,0,270,3
Southafrica 2010,Wilson PALACIOS,209827,2,0,0,270,3
Southafrica 2010,Carlos CARMONA,229436,2,0,0,270,3
Southafrica 2010,Gary MEDEL,267527,2,0,0,270,3
Southafrica 2010,Bojan JOKIC,299693,2,0,0,270,3
Southafrica 2010,Medhi LACEN,321682,2,0,0,270,3
Southafrica 2010,Ryan NELSEN,198160,2,0,0,270,3
Southafrica 2010,Waldo PONCE,202649,2,0,0,270,3
Southafrica 2010,TIAGO,187199,2,0,0,298,4
Southafrica 2010,Jonathan MENSAH,306634,2,0,0,300,3
Southafrica 2010,Glen JOHNSON,197464,2,0,0,357,4
Southafrica 2010,Javier MASCHERANO,182372,2,0,0,360,4
Southafrica 2010,Arjen ROBBEN,184616,2,0,0,387,5
Southafrica 2010,Andre AYEW,294620,2,0,0,389,4
Southafrica 2010,Yasuhito ENDO,177768,2,0,0,389,4
Southafrica 2010,Yuto NAGATOMO,291372,2,0,0,390,4
Southafrica 2010,Steve CHERUNDOLO,182797,2,0,0,390,4
Southafrica 2010,Jorge FUCILE,276132,2,0,0,461,5
Southafrica 2010,Thomas MUELLER,321722,2,0,0,473,6
Southafrica 2010,Robin VAN PERSIE,217315,2,0,0,599,7
Southafrica 2010,Arne FRIEDRICH,191178,2,0,0,630,7
Southafrica 2010,Diego PEREZ,185359,2,0,0,644,7
Southafrica 2010,Giovanni VAN BRONCKHORST,155679,2,0,0,645,7
Southafrica 2010,Mark VAN BOMMEL,179568,2,0,0,660,7
Southafrica 2010,Harry KEWELL,159069,0,0,1,24,1
Southafrica 2010,Valon BEHRAMI,216627,0,0,1,31,1
Southafrica 2010,Yoann GOURCUFF,254144,0,0,1,100,2
Southafrica 2010,Sani KAITA,233751,0,0,1,123,2
Southafrica 2010,Tim CAHILL,213001,0,0,1,146,2
Southafrica 2010,Itumeleng KHUNE,294665,0,0,1,166,2
Southafrica 2010,RICARDO COSTA,210212,0,0,1,179,2
Southafrica 2010,Luis SUAREZ,270775,0,0,1,543,6
Southafrica 2010,Marco ESTRADA,281256,0,1,0,37,1
Southafrica 2010,Abdelkader GHEZZAL,305702,0,1,0,40,2
Southafrica 2010,Nicolas LODEIRO,305378,0,1,0,109,3
Southafrica 2010,Anther YAHIA,212808,0,1,0,270,3
Southafrica 2010,Miroslav KLOSE,182206,0,1,0,357,5
Southafrica 2010,Andrej KOMAC,187538,1,0,0,4,2
Southafrica 2010,DaMarcus BEASLEY,175498,1,0,0,10,1
Southafrica 2010,Kamil KOPUNEK,207956,1,0,0,22,2
Southafrica 2010,Israel CASTRO,227849,1,0,0,33,1
Southafrica 2010,Fabio QUAGLIARELLA,297409,1,0,0,45,1
Southafrica 2010,Per KROLDRUP,214948,1,0,0,56,1
Southafrica 2010,Hakan YAKIN,178791,1,0,0,56,2
Southafrica 2010,Danilo TURCIOS,177986,1,0,0,66,2
Southafrica 2010,DUDA,187174,1,0,0,70,2
Southafrica 2010,Mauro CAMORANESI,214022,1,0,0,76,2
Southafrica 2010,Zlatko DEDIC,217482,1,0,0,84,3
Southafrica 2010,KIM Nam Il,188386,1,0,0,87,3
Southafrica 2010,Yussuf AYILA,238748,1,0,0,90,1
Southafrica 2010,Ismael FUENTES,181598,1,0,0,90,1
Southafrica 2010,Andre OOIJER,155673,1,0,0,90,1
Southafrica 2010,Dennis AOGO,196889,1,0,0,90,1
Southafrica 2010,Michael BEAUCHAMP,210003,1,0,0,90,1
Southafrica 2010,Kader KEITA,178964,1,0,0,94,3
Southafrica 2010,Mario BOLATTI,313704,1,0,0,98,2
Southafrica 2010,Neven SUBOTIC,234404,1,0,0,104,2
Southafrica 2010,Hendry THOMAS,207995,1,0,0,114,2
Southafrica 2010,Jonathan SANTANA,276118,1,0,0,120,2
Southafrica 2010,Ricardo CLARK,197408,1,0,0,121,2
Southafrica 2010,Rodrigo MILLAR,181603,1,0,0,125,3
Southafrica 2010,Socratis PAPASTATHOPOULOS,299090,1,0,0,127,2
Southafrica 2010,HUGO ALMEIDA,214410,1,0,0,135,2
Southafrica 2010,Humberto SUAZO,209501,1,0,0,135,2
Southafrica 2010,PEPE,275931,1,0,0,136,2
Southafrica 2010,Lee ADDY,318419,1,0,0,138,3
Southafrica 2010,Hector MORENO,238112,1,0,0,147,2
Southafrica 2010,Stanislav SESTAK,215725,1,0,0,152,3
Southafrica 2010,Milos NINKOVIC,214994,1,0,0,160,2
Southafrica 2010,Sebastien BASSONG,296813,1,0,0,162,2
Southafrica 2010,Javier HERNANDEZ,228599,1,0,0,169,4
Southafrica 2010,David SUAZO,177987,1,0,0,171,2
Southafrica 2010,Siaka TIENE,3355,1,0,0,180,2
Southafrica 2010,Khalid BOULAHROUZ,218246,1,0,0,180,2
Southafrica 2010,Emilio IZAGUIRRE,230117,1,0,0,180,2
Southafrica 2010,Lukman HARUNA,269089,1,0,0,180,2
Southafrica 2010,Patrice EVRA,212246,1,0,0,180,2
Southafrica 2010,Eric ABIDAL,217974,1,0,0,180,2
Southafrica 2010,Aleksandar KOLAROV,291438,1,0,0,180,2
Southafrica 2010,Guy DEMEL,213910,1,0,0,180,2
Southafrica 2010,Martin CACERES,267829,1,0,0,180,2
Southafrica 2010,Zdravko KUZMANOVIC,207645,1,0,0,180,3
Southafrica 2010,Juraj KUCKA,319373,1,0,0,181,3
Southafrica 2010,James MILNER,207924,1,0,0,185,3
Southafrica 2010,Georgios SAMARAS,297112,1,0,0,202,3
Southafrica 2010,Isaac VORSAH,279145,1,0,0,210,2
Southafrica 2010,Prince TAGOE,249462,1,0,0,210,3
Southafrica 2010,Gelson FERNANDES,216650,1,0,0,212,3
Southafrica 2010,Rory FALLON,313808,1,0,0,222,3
Southafrica 2010,Jorge VALDIVIA,202655,1,0,0,222,4
Southafrica 2010,PEDRO MENDES,187198,1,0,0,224,4
Southafrica 2010,Tsepo MASILELA,249474,1,0,0,225,3
Southafrica 2010,Simone PEPE,254181,1,0,0,225,3
Southafrica 2010,Nikola ZIGIC,216929,1,0,0,226,3
Southafrica 2010,Blaise NKUFO,179033,1,0,0,227,3
Southafrica 2010,Tranquillo BARNETTA,209979,1,0,0,227,3
Southafrica 2010,Konstantinos KATSOURANIS,214887,1,0,0,234,3
Southafrica 2010,Vasileios TOROSIDIS,228336,1,0,0,235,3
Southafrica 2010,Nicklas BENDTNER,254120,1,0,0,242,3
Southafrica 2010,Carl VALERI,182617,1,0,0,246,3
Southafrica 2010,YEOM Ki Hun,263395,1,0,0,249,4
Southafrica 2010,Nicolas OTAMENDI,310116,1,0,0,250,3
Southafrica 2010,Steven PIENAAR,189676,1,0,0,252,3
Southafrica 2010,Brett EMERTON,178306,1,0,0,254,3
Southafrica 2010,Guillermo FRANCO,241632,1,0,0,254,4
Southafrica 2010,Luke WILKSHIRE,181474,1,0,0,256,3
Southafrica 2010,Andraz KIRM,299697,1,0,0,259,3
Southafrica 2010,Valter BIRSA,299703,1,0,0,261,3
Southafrica 2010,Aleksandar RADOSAVLJEVIC,187541,1,0,0,267,3
Southafrica 2010,Vladimir WEISS,313909,1,0,0,269,3
Southafrica 2010,Abou DIABY,297102,1,0,0,270,3
Southafrica 2010,Gokhan INLER,261029,1,0,0,270,3
Southafrica 2010,Christian POULSEN,186373,1,0,0,270,3
Southafrica 2010,Ismael TIOTE,291329,1,0,0,270,3
Southafrica 2010,Didier ZOKORA,176971,1,0,0,270,3
Southafrica 2010,Giorgio CHIELLINI,215274,1,0,0,270,3
Southafrica 2010,Stephane GRICHTING,214474,1,0,0,270,3
Southafrica 2010,HONG Yong Jo,210032,1,0,0,270,3
Southafrica 2010,Marko SULER,299695,1,0,0,270,3
Southafrica 2010,Tony LOCHHEAD,175397,1,0,0,270,3
Southafrica 2010,Bostjan CESAR,187530,1,0,0,270,3
Southafrica 2010,Fabio CANNAVARO,155957,1,0,0,270,3
Southafrica 2010,Lucas NEILL,178312,1,0,0,270,3
Southafrica 2010,Reto ZIEGLER,216642,1,0,0,270,3
Southafrica 2010,Tommy SMITH,274102,1,0,0,270,3
Southafrica 2010,Winston REID,318470,1,0,0,270,3
Southafrica 2010,CHA Du Ri,188387,1,0,0,270,3
Southafrica 2010,Osman CHAVEZ,297230,1,0,0,270,3
Southafrica 2010,PAK Chol Jin,210023,1,0,0,270,3
Southafrica 2010,Peter PEKARIK,299804,1,0,0,270,3
Southafrica 2010,Alexandros TZIOLIS,228351,1,0,0,270,3
Southafrica 2010,Branislav IVANOVIC,214388,1,0,0,270,3
Southafrica 2010,Franck RIBERY,248373,1,0,0,270,3
Southafrica 2010,Nemanja VIDIC,298699,1,0,0,270,3
Southafrica 2010,Vincent ENYEAMA,189300,1,0,0,270,3
Southafrica 2010,Diego BENAGLIO,196633,1,0,0,270,3
Southafrica 2010,Thomas SORENSEN,177825,1,0,0,270,3
Southafrica 2010,Daisuke MATSUI,198751,1,0,0,272,4
Southafrica 2010,Rafael VAN DER VAART,180811,1,0,0,278,5
Southafrica 2010,Arturo VIDAL,267543,1,0,0,306,4
Southafrica 2010,Roque SANTA CRUZ,4039,1,0,0,314,5
Southafrica 2010,Yuki ABE,188456,1,0,0,351,4
Southafrica 2010,Robert VITTEK,184410,1,0,0,353,4
Southafrica 2010,Jozy ALTIDORE,238072,1,0,0,357,4
Southafrica 2010,LEE Chung Yong,268414,1,0,0,359,4
Southafrica 2010,Gerardo TORRADO,70097,1,0,0,360,4
Southafrica 2010,CHO Yong Hyung,237771,1,0,0,360,4
Southafrica 2010,Rafael MARQUEZ,178119,1,0,0,360,4
Southafrica 2010,Martin SKRTEL,197793,1,0,0,360,4
Southafrica 2010,FABIO COENTRAO,269784,1,0,0,360,4
Southafrica 2010,Francisco RODRIGUEZ,209960,1,0,0,360,4
Southafrica 2010,KIM Jung Woo,209904,1,0,0,360,4
Southafrica 2010,Jan DURICA,215718,1,0,0,360,4
Southafrica 2010,Gabriel HEINZE,201964,1,0,0,360,4
Southafrica 2010,Steven GERRARD,214961,1,0,0,360,4
Southafrica 2010,CRISTIANO RONALDO,201200,1,0,0,360,4
Southafrica 2010,Jan MUCHA,299802,1,0,0,360,4
Southafrica 2010,Keisuke HONDA,233500,1,0,0,390,4
Southafrica 2010,Antolin ALCARAZ,313535,1,0,0,390,4
Southafrica 2010,Jay DeMERIT,271213,1,0,0,390,4
Southafrica 2010,Carlos BOCANEGRA,187160,1,0,0,390,4
Southafrica 2010,Enrique VERA,276117,1,0,0,414,5
Southafrica 2010,LUIS FABIANO,200158,1,0,0,418,5
Southafrica 2010,John MENSAH,184560,1,0,0,420,4
Southafrica 2010,MICHEL BASTOS,318171,1,0,0,422,5
Southafrica 2010,Mauricio VICTORINO,286484,1,0,0,435,5
Southafrica 2010,JUAN,185324,1,0,0,450,5
Southafrica 2010,Hans SARPEI,181711,1,0,0,463,5
Southafrica 2010,Cristian RIVEROS,253460,1,0,0,480,5
Southafrica 2010,Claudio MOREL,185429,1,0,0,480,5
Southafrica 2010,Diego LUGANO,239433,1,0,0,488,6
Southafrica 2010,Anthony ANNAN,294617,1,0,0,510,5
Southafrica 2010,John PANTSIL,184557,1,0,0,510,5
Southafrica 2010,Philipp LAHM,196748,1,0,0,540,6
Southafrica 2010,INIESTA,183857,1,0,0,557,6
Southafrica 2010,Joris MATHIJSEN,228281,1,0,0,570,6
Southafrica 2010,Mesut OEZIL,305036,1,0,0,586,7
Southafrica 2010,Dirk KUYT,217313,1,0,0,587,7
Southafrica 2010,XABI ALONSO,207528,1,0,0,593,7
Southafrica 2010,Sami KHEDIRA,196900,1,0,0,608,7
Southafrica 2010,Bastian SCHWEINSTEIGER,196752,1,0,0,621,7
Southafrica 2010,Sergio BUSQUETS,303034,1,0,0,631,7
Southafrica 2010,XAVI,177855,1,0,0,636,7
Southafrica 2010,SERGIO RAMOS,216814,1,0,0,647,7
Southafrica 2010,Wesley SNEIJDER,215002,1,0,0,652,7
Southafrica 2010,Carles PUYOL,177914,1,0,0,654,7
Southafrica 2010,Maximiliano PEREIRA,286481,1,0,0,660,7
Southafrica 2010,Egidio AREVALO,286238,1,0,0,660,7
Southafrica 2010,Joan CAPDEVILA,177907,1,0,0,660,7
Southafrica 2010,Gerard PIQUE,216973,1,0,0,660,7
Southafrica 2010,Maarten STEKELENBURG,184599,1,0,0,660,7
Spain 1982,Americo GALLEGO,44124,1,0,1,354,4
Spain 1982,Diego MARADONA,174732,1,0,1,445,5
Spain 1982,Francisco OSORTO,55706,2,0,0,33,2
Spain 1982,Gabriele ORIALI,174824,2,0,0,435,5
Spain 1982,Billy HAMILTON,50531,2,0,0,450,5
Spain 1982,Manuel AMOROS,45546,2,0,0,480,5
Spain 1982,Wlodimierz SMOLAREK,44647,2,0,0,511,6
Spain 1982,Claudio GENTILE,174555,2,0,0,540,6
Spain 1982,Zbigniew BONIEK,160825,2,0,0,540,6
Spain 1982,Andrzej BUNCOL,47055,2,0,0,630,7
Spain 1982,Uli STIELIKE,44664,2,0,0,660,7
Spain 1982,Ladislav VIZEK,59682,0,0,1,267,3
Spain 1982,Gilberto YEARWOOD,60142,0,0,1,269,3
Spain 1982,Mal DONAGHY,48672,0,0,1,332,4
Spain 1982,Roman WOJCICKI,60006,1,0,0,45,1
Spain 1982,Juan LETELIER,52964,1,0,0,77,2
Spain 1982,Miguel GAMBOA,49739,1,0,0,87,2
Spain 1982,Andy PICHLER,56258,1,0,0,90,1
Spain 1982,Pavel CHALOUPKA,47486,1,0,0,90,1
Spain 1982,Ramon FAGOAGA,49213,1,0,0,101,2
Spain 1982,Antonin PANENKA,174835,1,0,0,110,2
Spain 1982,Andrzej PALASZ,55837,1,0,0,111,2
Spain 1982,Fathi MATAR,53758,1,0,0,168,3
Spain 1982,Lizardo GARRIDO,49802,1,0,0,180,2
Spain 1982,Zlatko KRMPOTIC,52532,1,0,0,180,2
Spain 1982,Jose SANCHEZ,57490,1,0,0,198,3
Spain 1982,Laszlo FAZEKAS,44094,1,0,0,224,3
Spain 1982,Luis RAMIREZ,56661,1,0,0,244,3
Spain 1982,Faouzi MANSOURI,53585,1,0,0,255,3
Spain 1982,Rabah MADJER,53379,1,0,0,268,3
Spain 1982,Roger MILLA,79318,1,0,0,269,3
Spain 1982,Abdulaziz AL ANBARI,45176,1,0,0,270,3
Spain 1982,Carlos RECINOS,56757,1,0,0,270,3
Spain 1982,Edhem SLJIVO,58149,1,0,0,270,3
Spain 1982,Graeme SOUNESS,44651,1,0,0,270,3
Spain 1982,Ibrahim AOUDOU,45705,1,0,0,270,3
Spain 1982,Jaime DUARTE,48746,1,0,0,270,3
Spain 1982,Jean Marie PFAFF,174857,1,0,0,270,3
Spain 1982,Jose VELASQUEZ,59530,1,0,0,270,3
Spain 1982,Naim FAJAH,54642,1,0,0,270,3
Spain 1982,Nenad STOJKOVIC,58464,1,0,0,270,3
Spain 1982,Ramon MARADIAGA,53616,1,0,0,270,3
Spain 1982,Rene NDJEYA,54860,1,0,0,270,3
Spain 1982,Rodolfo DUBO,48755,1,0,0,270,3
Spain 1982,Sergei BOROVSKI,46812,1,0,0,270,3
Spain 1982,Thomas NKONO,174794,1,0,0,270,3
Spain 1982,Tibor NYILASI,174810,1,0,0,270,3
Spain 1982,JUANITO,63577,1,0,0,270,4
Spain 1982,Giampiero MARINI,174734,1,0,0,272,5
Spain 1982,Josef DEGEORGI,48356,1,0,0,303,4
Spain 1982,Horst HRUBESCH,174619,1,0,0,324,5
Spain 1982,Klaus FISCHER,44107,1,0,0,344,6
Spain 1982,Jesus ZAMORA,60272,1,0,0,360,4
Spain 1982,Roland HATTENBERGER,50700,1,0,0,360,4
Spain 1982,Terry BUTCHER,174441,1,0,0,360,4
Spain 1982,Walter MEEUWS,54021,1,0,0,360,4
Spain 1982,Mario KEMPES,174658,1,0,0,373,5
Spain 1982,Norman WHITESIDE,44752,1,0,0,387,5
Spain 1982,Bernd FOERSTER,174545,1,0,0,390,4
Spain 1982,Jean TIGANA,44690,1,0,0,399,5
Spain 1982,Daniel BERTONI,174395,1,0,0,401,5
Spain 1982,Bernard GENGHINI,174554,1,0,0,405,5
Spain 1982,Reinhold HINTERMAIER,50899,1,0,0,405,5
Spain 1982,Sam McILROY,53965,1,0,0,410,5
Spain 1982,Aleksandre CHIVADZE,47683,1,0,0,450,5
Spain 1982,Daniel PASSARELLA,174840,1,0,0,450,5
Spain 1982,Erich OBERMAYER,55413,1,0,0,450,5
Spain 1982,FALCAO,63630,1,0,0,450,5
Spain 1982,Jorge OLGUIN,174817,1,0,0,450,5
Spain 1982,Jose ALEXANKO,45376,1,0,0,450,5
Spain 1982,Jose Antonio CAMACHO,159896,1,0,0,450,5
Spain 1982,Luc MILLECAMPS,54248,1,0,0,450,5
Spain 1982,Osvaldo ARDILES,174354,1,0,0,450,5
Spain 1982,Paul MARINER,53649,1,0,0,450,5
Spain 1982,Rafael GORDILLO,166394,1,0,0,450,5
Spain 1982,Ray WILKINS,44753,1,0,0,450,5
Spain 1982,Sergei BALTACHA,46145,1,0,0,450,5
Spain 1982,Vladimir BESSONOV,174396,1,0,0,450,5
Spain 1982,WALDIR PERES,59772,1,0,0,450,5
Spain 1982,Walter SCHACHNER,44607,1,0,0,450,5
Spain 1982,Giancarlo ANTOGNONI,174352,1,0,0,478,6
Spain 1982,Gerard SOLER,58227,1,0,0,512,6
Spain 1982,Alain GIRESSE,174563,1,0,0,570,6
Spain 1982,Fulvio COLLOVATI,174475,1,0,0,574,7
Spain 1982,Paolo ROSSI,44582,1,0,0,575,7
Spain 1982,Pierre LITTBARSKI,174711,1,0,0,586,7
Spain 1982,Marco TARDELLI,44684,1,0,0,615,7
Spain 1982,Bruno CONTI,174477,1,0,0,630,7
Spain 1982,Gaetano SCIREA,44620,1,0,0,630,7
Spain 1982,Stefan MAJEWSKI,53454,1,0,0,630,7
Spain 1982,Wladyslaw ZMUDA,44784,1,0,0,630,7
Spain 1982,Wolfgang DREMMLER,174510,1,0,0,632,7
Spain 1982,Hans Peter BRIEGEL,174429,1,0,0,637,7
Sweden 1958,Titus BUBERNIK,47015,0,0,1,102,1
Sweden 1958,Ferenc SIPOS,44643,0,0,1,349,4
Sweden 1958,Erich JUSKOWIAK,51718,0,0,1,419,5
Switzerland 1954,HUMBERTO,63856,0,0,1,79,1
Switzerland 1954,NILTON SANTOS,44604,0,0,1,281,3
Switzerland 1954,Jozsef BOZSIK,43940,0,0,1,461,5
Uruguay 1930,Placido GALINDO,49705,0,0,1,160,2
Usa 1994,Zlatko YANKOV,76242,4,0,0,540,6
Usa 1994,Jose Luis CAMINERO,160368,3,0,0,315,4
Usa 1994,Jan WOUTERS,44763,3,0,0,360,4
Usa 1994,Trifon IVANOV,51338,3,0,0,492,6
Usa 1994,Demetrio ALBERTINI,77239,3,0,0,645,7
Usa 1994,Jonas THERN,44687,1,0,1,403,5
Usa 1994,Fernando CLAVIJO,78809,1,1,0,265,3
Usa 1994,Luis GARCIA,77278,1,1,0,320,4
Usa 1994,Stefan SCHWARZ,44617,1,1,0,536,6
Usa 1994,Nestor SUBIAT,111406,2,0,0,44,3
Usa 1994,Tassos MITROPOULOS,54299,2,0,0,144,3
Usa 1994,Martin WAGNER,78092,2,0,0,148,2
Usa 1994,Julio BALDIVIESO,76130,2,0,0,156,2
Usa 1994,Alf HALAND,129895,2,0,0,180,2
Usa 1994,Denis IRWIN,76883,2,0,0,180,2
Usa 1994,Noureddine NAYBET,179908,2,0,0,180,2
Usa 1994,Thomas HELMER,76281,2,0,0,195,3
Usa 1994,CHOI Young Il,111391,2,0,0,199,3
Usa 1994,Khaled AL MUWALLID,162788,2,0,0,252,4
Usa 1994,Stefan EFFENBERG,76277,2,0,0,255,3
Usa 1994,Joaquin DEL OLMO,48315,2,0,0,260,3
Usa 1994,Carlos VALDERRAMA,44708,2,0,0,270,3
Usa 1994,Dmitri KHLESTOV,95400,2,0,0,270,3
Usa 1994,Fuad AMIN,92775,2,0,0,270,3
Usa 1994,John HARKES,174593,2,0,0,270,3
Usa 1994,Leonel ALVAREZ,174343,2,0,0,270,3
Usa 1994,Terry PHELAN,76893,2,0,0,270,3
Usa 1994,Yuri NIKIFOROV,95645,2,0,0,270,3
Usa 1994,Alberto GARCIA ASPE,77275,2,0,0,300,3
Usa 1994,Michael EMENALO,129920,2,0,0,300,3
Usa 1994,Tibor SELYMES,77474,2,0,0,322,4
Usa 1994,Fernando CACERES,75954,2,0,0,360,4
Usa 1994,Oscar RUGGERI,44585,2,0,0,360,4
Usa 1994,Florin RADUCIOIU,44543,2,0,0,383,4
Usa 1994,MAZINHO,63529,2,0,0,385,6
Usa 1994,Claudio SUAREZ,77299,2,0,0,390,4
Usa 1994,Sunday OLISEH,106557,2,0,0,390,4
Usa 1994,Martin DAHLIN,48179,2,0,0,444,5
Usa 1994,Juergen KLINSMANN,174666,2,0,0,445,5
Usa 1994,ABELARDO,96007,2,0,0,450,5
Usa 1994,Albert FERRER,77894,2,0,0,450,5
Usa 1994,Gheorghe POPESCU,174876,2,0,0,480,5
Usa 1994,Alessandro COSTACURTA,77242,2,0,0,570,6
Usa 1994,Roger LJUNG,44320,2,0,0,570,6
Usa 1994,Kennet ANDERSSON,157927,2,0,0,578,7
Usa 1994,Iordan LETCHKOV,52856,2,0,0,616,7
Usa 1994,Hristo STOICHKOV,58455,2,0,0,642,7
Usa 1994,Ion VLADOIU,77484,0,0,1,3,1
Usa 1994,Marco ETCHEVERRY,49157,0,0,1,3,1
Usa 1994,Gianfranco ZOLA,91555,0,0,1,12,1
Usa 1994,Rigobert SONG,170657,0,0,1,153,2
Usa 1994,Miguel Angel NADAL,77908,0,0,1,205,3
Usa 1994,LEONARDO,95008,0,0,1,313,4
Usa 1994,Gianluca PAGLIUCA,77257,0,0,1,411,5
Usa 1994,Sergei GORLUKOVICH,174571,0,1,0,139,2
Usa 1994,Luis CRISTALDO,162472,0,1,0,172,2
Usa 1994,Emil KREMENLIEV,95461,0,1,0,368,5
Usa 1994,Tsanko TSVETANOV,81656,0,1,0,504,6
Usa 1994,Juerg STUDER,95051,1,0,0,32,1
Usa 1994,Nica PANDURU,157409,1,0,0,41,2
Usa 1994,Abdelmajid BOUYBOUD,93542,1,0,0,45,1
Usa 1994,Alexis ALEXOUDIS,122397,1,0,0,58,1
Usa 1994,Vital BORKELMANS,76120,1,0,0,66,2
Usa 1994,Leonardo RODRIGUEZ,76114,1,0,0,67,1
Usa 1994,Anthony DE AVILA,111336,1,0,0,73,2
Usa 1994,Andre KANA-BIYIK,174649,1,0,0,90,1
Usa 1994,Erland JOHNSEN,51600,1,0,0,90,1
Usa 1994,Goran SORLOTH,58272,1,0,0,90,1
Usa 1994,Hassan NADER,54895,1,0,0,90,1
Usa 1994,Jacques SONGOO,154644,1,0,0,90,1
Usa 1994,Stelios MANOLAS,53574,1,0,0,90,1
Usa 1994,Stephen KESHI,52063,1,0,0,90,1
Usa 1994,Ulrich VAN GOBBEL,95572,1,0,0,90,1
Usa 1994,Mohamed SAMADI,93549,1,0,0,98,2
Usa 1994,Jose CAMARASA,77888,1,0,0,103,2
Usa 1994,Jorge OTERO,83850,1,0,0,104,2
Usa 1994,Abdullah AL DOSARI,162427,1,0,0,117,2
Usa 1994,CAFU (Marcos Evangelista de Moraes),76824,1,0,0,121,3
Usa 1994,Minas HANTZIDIS,122393,1,0,0,138,2
Usa 1994,Mutiu ADEPOJU,93446,1,0,0,147,4
Usa 1994,Herman GAVIRIA,76751,1,0,0,168,2
Usa 1994,Dmitri KHARIN,52106,1,0,0,180,2
Usa 1994,Dmitri KUZNETSOV,95428,1,0,0,180,2
Usa 1994,Emile MBOUH,174723,1,0,0,180,2
Usa 1994,Gary KELLY,84389,1,0,0,180,2
Usa 1994,Giotis TSALOUCHIDIS,59170,1,0,0,180,2
Usa 1994,Gustavo QUINTEROS,76141,1,0,0,180,2
Usa 1994,Taher EL KHALEJ,92740,1,0,0,180,2
Usa 1994,Vaios KARAGIANNIS,76328,1,0,0,180,2
Usa 1994,Pierluigi CASIRAGHI,77241,1,0,0,203,3
Usa 1994,Claudio CANIGGIA,174454,1,0,0,206,3
Usa 1994,Ivaylo YORDANOV,95443,1,0,0,207,5
Usa 1994,Rudi VOELLER,44739,1,0,0,208,3
Usa 1994,Rachid DAOUDI,76947,1,0,0,209,3
Usa 1994,Ramon RAMIREZ,177982,1,0,0,210,2
Usa 1994,Daniel BORIMIROV,81634,1,0,0,214,4
Usa 1994,Luigi APOLLONI,111356,1,0,0,217,3
Usa 1994,Hamza FALATAH,77508,1,0,0,225,3
Usa 1994,Tommy COYNE,76879,1,0,0,230,3
Usa 1994,Valeri KARPIN,77516,1,0,0,230,3
Usa 1994,KIM Joo Sung,174662,1,0,0,239,3
Usa 1994,Rachid AZZOUZI,110458,1,0,0,241,3
Usa 1994,Vladimir SORIA,154456,1,0,0,242,3
Usa 1994,Oyvind LEONHARDSEN,77414,1,0,0,247,3
Usa 1994,Hababi EL ARBI,93596,1,0,0,252,3
Usa 1994,Adrian KNUP,52293,1,0,0,261,3
Usa 1994,Andreas MOELLER,155355,1,0,0,268,4
Usa 1994,Abdelkarim EL HADRIOUI,93595,1,0,0,270,3
Usa 1994,Aron WINTER,44759,1,0,0,270,3
Usa 1994,Carlos BORJA,46801,1,0,0,270,3
Usa 1994,Georges GRUN,166579,1,0,0,270,3
Usa 1994,Giannis KALITZAKIS,51779,1,0,0,270,3
Usa 1994,KO Jeong Woon,52294,1,0,0,270,3
Usa 1994,Luis HERRERA,122746,1,0,0,270,3
Usa 1994,Miguel Angel RIMBA,76145,1,0,0,270,3
Usa 1994,PARK Jung Bae,77941,1,0,0,270,3
Usa 1994,Philippe ALBERT,174331,1,0,0,270,3
Usa 1994,Raymond KALLA,130674,1,0,0,270,3
Usa 1994,SHIN Hong Gi,77943,1,0,0,270,3
Usa 1994,Stephen TATAW,44685,1,0,0,270,3
Usa 1994,Stig BJORNEBYE,46646,1,0,0,270,3
Usa 1994,Talal JEBRIN,135595,1,0,0,270,3
Usa 1994,Gheorghe MIHALI,77460,1,0,0,272,4
Usa 1994,JULIO SALINAS,44594,1,0,0,273,4
Usa 1994,Rudi SMIDTS,58162,1,0,0,274,4
Usa 1994,Tab RAMOS,44548,1,0,0,287,4
Usa 1994,Augustine EGUAVOEN,156906,1,0,0,300,3
Usa 1994,Rob WITSCHGE,60000,1,0,0,304,4
Usa 1994,Josip WEBER,90987,1,0,0,307,4
Usa 1994,Andreas BREHME,174427,1,0,0,323,5
Usa 1994,Mohamed ABDELJAWAD,162431,1,0,0,324,4
Usa 1994,Emmanuel AMUNIKE,93859,1,0,0,327,4
Usa 1994,Fernando HIERRO,174605,1,0,0,327,5
Usa 1994,Frank RIJKAARD,44566,1,0,0,334,4
Usa 1994,Hakan MILD,95668,1,0,0,335,5
Usa 1994,Ray HOUGHTON,174616,1,0,0,338,4
Usa 1994,Ahmed MADANI,53367,1,0,0,360,4
Usa 1994,Alexi LALAS,77529,1,0,0,360,4
Usa 1994,Dominique HERR,50834,1,0,0,360,4
Usa 1994,Enzo SCIFO,44619,1,0,0,360,4
Usa 1994,Fernando REDONDO,76113,1,0,0,360,4
Usa 1994,Frank DE BOER,77401,1,0,0,360,4
Usa 1994,Gabriel BATISTUTA,75952,1,0,0,360,4
Usa 1994,Georges BREGY,46931,1,0,0,360,4
Usa 1994,Jose CHAMOT,78407,1,0,0,360,4
Usa 1994,LUIS ENRIQUE,77892,1,0,0,360,4
Usa 1994,Marc HOTTIGER,51021,1,0,0,360,4
Usa 1994,Marco PASCOLO,78038,1,0,0,360,4
Usa 1994,Mohammed AL DEAYEA,92722,1,0,0,360,4
Usa 1994,Paul CALIGIURI,174449,1,0,0,360,4
Usa 1994,Roy KEANE,76886,1,0,0,360,4
Usa 1994,Stan VALCKX,113571,1,0,0,360,4
Usa 1994,Thomas DOOLEY,77537,1,0,0,360,4
Usa 1994,Chidi NWANU,55339,1,0,0,390,4
Usa 1994,Jorge CAMPOS,47245,1,0,0,390,4
Usa 1994,Giuseppe SIGNORI,77253,1,0,0,391,6
Usa 1994,GOIKOETXEA,50025,1,0,0,395,5
Usa 1994,Ilian KIRYAKOV,52236,1,0,0,419,6
Usa 1994,Thomas HAESSLER,174588,1,0,0,435,5
Usa 1994,Ilie DUMITRESCU,174512,1,0,0,436,5
Usa 1994,Daniele MASSARO,106610,1,0,0,442,6
Usa 1994,Dennis BERGKAMP,77376,1,0,0,450,5
Usa 1994,Juergen KOHLER,174673,1,0,0,450,5
Usa 1994,Ronald KOEMAN,174671,1,0,0,450,5
Usa 1994,Wim JONK,77409,1,0,0,450,5
Usa 1994,Ioan LUPESCU,53285,1,0,0,475,5
Usa 1994,Miodrag BELODEDICI,46397,1,0,0,478,5
Usa 1994,Dan PETRESCU,56197,1,0,0,480,5
Usa 1994,Nasko SIRAKOV,58105,1,0,0,540,7
Usa 1994,Dino BAGGIO,77240,1,0,0,560,7
Usa 1994,JORGINHO,63515,1,0,0,561,7
Usa 1994,ALDAIR,63545,1,0,0,585,7
Usa 1994,ZINHO,92713,1,0,0,609,7
Usa 1994,Borislav MIHAYLOV,185202,1,0,0,615,7
Usa 1994,MAURO SILVA,92629,1,0,0,615,7
Usa 1994,Emil KOSTADINOV,52406,1,0,0,635,7
Usa 1994,Klas INGESSON,174632,1,0,0,646,7
Usa 1994,DUNGA,170690,1,0,0,655,7
Usa 1994,Krassimir BALAKOV,46120,1,0,0,660,7
Usa 1994,Petar HOUBCHEV,170745,1,0,0,660,7
Usa 1994,Roland NILSSON,174805,1,0,0,660,7
Usa 1994,Tomas BROLIN,174431,1,0,0,660,7
Usa 1994,Paolo MALDINI,174730,1,0,0,690,7
